Index,contributor,file_name,patient_id,model_id,tumor_id,case_id,sample_id,sample_type,experimental_strategy,gender,paired_end,capture_kit,capture_assembly,availability,public,access_level,created_datetime,data_category,data_format,data_type,platform,is_ffpe,file_size,passage,disease_type,comment,investigation,disease_detail
1,BCM,LZML_37246_NoIndex_L00X_R1_001.fastq.gz,24452,BCM-0002,2011012-2,NA,BCM-0002,PDX,RNA-Seq,Female,1,Nugen Ovation v2,NA,PDXNet,Yes,Controlled,11072016,Raw Sequencing Data,fastq.gz,Raw Reads,Illumina,FALSE,20656964441,NA,Breast,NA,NA,Invasive breast carcinoma
2,BCM,LZML_37246_NoIndex_L00X_R2_001.fastq.gz,24452,BCM-0002,2011012-2,NA,BCM-0002,PDX,RNA-Seq,Female,2,Nugen Ovation v2,NA,PDXNet,Yes,Controlled,11072016,Raw Sequencing Data,fastq.gz,Raw Reads,Illumina,FALSE,21093643386,NA,Breast,NA,NA,Invasive breast carcinoma
3,BCM,ML6065_GATCAGCG_L00X_R1_001.fastq.gz,2219,BCM-0046,2011012-46,NA,BCM-0046,PDX,RNA-Seq,Female,1,Nugen Ovation v2,NA,PDXNet,Yes,Controlled,8152017,Raw Sequencing Data,fastq.gz,Raw Reads,Illumina,FALSE,22027304876,NA,Breast,NA,NA,Invasive breast carcinoma
4,BCM,ML6065_GATCAGCG_L00X_R2_001.fastq.gz,2219,BCM-0046,2011012-46,NA,BCM-0046,PDX,RNA-Seq,Female,2,Nugen Ovation v2,NA,PDXNet,Yes,Controlled,8152017,Raw Sequencing Data,fastq.gz,Raw Reads,Illumina,FALSE,22027304876,NA,Breast,NA,NA,Invasive breast carcinoma
5,BCM,ML6061_CAGATCTG_L00X_R1_001.fastq.gz,24561,BCM-0104,2011012-104,NA,BCM-0104,PDX,RNA-Seq,Female,1,Nugen Ovation v2,NA,PDXNet,Yes,Controlled,8152017,Raw Sequencing Data,fastq.gz,Raw Reads,Illumina,FALSE,17927987899,NA,Breast,NA,NA,Invasive breast carcinoma
6,BCM,ML6061_CAGATCTG_L00X_R2_001.fastq.gz,24561,BCM-0104,2011012-104,NA,BCM-0104,PDX,RNA-Seq,Female,2,Nugen Ovation v2,NA,PDXNet,Yes,Controlled,8152017,Raw Sequencing Data,fastq.gz,Raw Reads,Illumina,FALSE,18002109303,NA,Breast,NA,NA,Invasive breast carcinoma
7,BCM,ML6062_TAGCTTGT_L00X_R1_001.fastq.gz,4661,BCM-0113,2011012-113,NA,BCM-0113,PDX,RNA-Seq,Female,1,Nugen Ovation v2,NA,PDXNet,Yes,Controlled,11072016,Raw Sequencing Data,fastq.gz,Raw Reads,Illumina,FALSE,17871468016,NA,Breast,NA,NA,Invasive breast carcinoma
8,BCM,ML6062_TAGCTTGT_L00X_R2_001.fastq.gz,4661,BCM-0113,2011012-113,NA,BCM-0113,PDX,RNA-Seq,Female,2,Nugen Ovation v2,NA,PDXNet,Yes,Controlled,11072017,Raw Sequencing Data,fastq.gz,Raw Reads,Illumina,FALSE,18083547371,NA,Breast,NA,NA,Invasive breast carcinoma
9,BCM,ML6064_ACTTGATG_L00X_R1_001.fastq.gz,28918,BCM-0132,2011012-132,NA,BCM-0132,PDX,RNA-Seq,Female,1,Nugen Ovation v2,NA,PDXNet,Yes,Controlled,8152017,Raw Sequencing Data,fastq.gz,Raw Reads,Illumina,FALSE,20234662948,NA,Breast,NA,NA,Invasive breast carcinoma
10,BCM,ML6064_ACTTGATG_L00X_R2_001.fastq.gz,28918,BCM-0132,2011012-132,NA,BCM-0132,PDX,RNA-Seq,Female,2,Nugen Ovation v2,NA,PDXNet,Yes,Controlled,8152017,Raw Sequencing Data,fastq.gz,Raw Reads,Illumina,FALSE,20276121705,NA,Breast,NA,NA,Invasive breast carcinoma
11,BCM,ML6499_CTTGTACT_L00X_R1_001.fastq.gz,14310,BCM-15003,72XD70,NA,BCM-15003,PDX,RNA-Seq,Female,1,Nugen Ovation v2,NA,PDXNet,Yes,Controlled,2122018,Raw Sequencing Data,fastq.gz,Raw Reads,Illumina,FALSE,7014408145,NA,Breast,NA,NA,"Breast cancer, NOS"
12,BCM,ML6499_CTTGTACT_L00X_R2_001.fastq.gz,14310,BCM-15003,72XD70,NA,BCM-15003,PDX,RNA-Seq,Female,2,Nugen Ovation v2,NA,PDXNet,Yes,Controlled,2122018,Raw Sequencing Data,fastq.gz,Raw Reads,Illumina,FALSE,7189931877,NA,Breast,NA,NA,"Breast cancer, NOS"
13,BCM,ML6066_TAGCTTGT_L00X_R1_001.fastq.gz,13611,BCM-15006,32LS63,NA,BCM-15006,PDX,RNA-Seq,Female,1,Nugen Ovation v2,NA,PDXNet,Yes,Controlled,8152017,Raw Sequencing Data,fastq.gz,Raw Reads,Illumina,FALSE,15324698623,NA,Breast,NA,NA,Invasive breast carcinoma
14,BCM,ML6066_TAGCTTGT_L00X_R2_001.fastq.gz,13611,BCM-15006,32LS63,NA,BCM-15006,PDX,RNA-Seq,Female,2,Nugen Ovation v2,NA,PDXNet,Yes,Controlled,8152017,Raw Sequencing Data,fastq.gz,Raw Reads,Illumina,FALSE,15463434480,NA,Breast,NA,NA,Invasive breast carcinoma
15,BCM,LZ32290_NoIndex_L00X_R1_001.fastq.gz,24455,BCM-2147,2147,NA,BCM-2147,PDX,RNA-Seq,Female,1,Nugen Ovation v2,NA,PDXNet,Yes,Controlled,8152017,Raw Sequencing Data,fastq.gz,Raw Reads,Illumina,FALSE,23377366704,NA,Breast,NA,NA,Invasive breast carcinoma
16,BCM,LZ32290_NoIndex_L00X_R2_001.fastq.gz,24455,BCM-2147,2147,NA,BCM-2147,PDX,RNA-Seq,Female,2,Nugen Ovation v2,NA,PDXNet,Yes,Controlled,8152017,Raw Sequencing Data,fastq.gz,Raw Reads,Illumina,FALSE,23710482652,NA,Breast,NA,NA,Invasive breast carcinoma
17,BCM,LZ32174_NoIndex_L00X_R1_001.fastq.gz,24457,BCM-2665,2665,NA,BCM-2665,PDX,RNA-Seq,Female,1,Nugen Ovation v2,NA,PDXNet,Yes,Controlled,8152017,Raw Sequencing Data,fastq.gz,Raw Reads,Illumina,FALSE,23462480453,NA,Breast,NA,NA,Invasive breast carcinoma
18,BCM,LZ32174_NoIndex_L00X_R2_001.fastq.gz,24457,BCM-2665,2665,NA,BCM-2665,PDX,RNA-Seq,Female,2,Nugen Ovation v2,NA,PDXNet,Yes,Controlled,8152017,Raw Sequencing Data,fastq.gz,Raw Reads,Illumina,FALSE,23867211588,NA,Breast,NA,NA,Invasive breast carcinoma
19,BCM,LZ32175_NoIndex_L00X_R1_001.fastq.gz,24459,BCM-3107,3107,NA,BCM-3107,PDX,RNA-Seq,Female,1,Nugen Ovation v2,NA,PDXNet,Yes,Controlled,11072016,Raw Sequencing Data,fastq.gz,Raw Reads,Illumina,FALSE,18645212470,NA,Breast,NA,NA,Invasive breast carcinoma
20,BCM,LZ32175_NoIndex_L00X_R2_001.fastq.gz,24459,BCM-3107,3107,NA,BCM-3107,PDX,RNA-Seq,Female,2,Nugen Ovation v2,NA,PDXNet,Yes,Controlled,11072016,Raw Sequencing Data,fastq.gz,Raw Reads,Illumina,FALSE,18738472016,NA,Breast,NA,NA,Invasive breast carcinoma
21,BCM,LZ32067_NoIndex_L00X_R1_001.fastq.gz,24458,BCM-3143,3143,NA,BCM-3143,PDX,RNA-Seq,Female,1,Nugen Ovation v2,NA,PDXNet,Yes,Controlled,11072016,Raw Sequencing Data,fastq.gz,Raw Reads,Illumina,FALSE,13557706994,NA,Unknown,NA,NA,Unknown
22,BCM,LZ32067_NoIndex_L00X_R2_001.fastq.gz,24458,BCM-3143,3143,NA,BCM-3143,PDX,RNA-Seq,Female,2,Nugen Ovation v2,NA,PDXNet,Yes,Controlled,11072016,Raw Sequencing Data,fastq.gz,Raw Reads,Illumina,FALSE,13306957896,NA,Unknown,NA,NA,Unknown
23,BCM,LZ32419_NoIndex_L00X_R1_001.fastq.gz,24460,BCM-3204,3204,NA,BCM-3204,PDX,RNA-Seq,Female,1,Nugen Ovation v2,NA,PDXNet,Yes,Controlled,11072016,Raw Sequencing Data,fastq.gz,Raw Reads,Illumina,FALSE,16468194183,NA,Breast,NA,NA,Invasive breast carcinoma
24,BCM,LZ32419_NoIndex_L00X_R2_001.fastq.gz,24460,BCM-3204,3204,NA,BCM-3204,PDX,RNA-Seq,Female,2,Nugen Ovation v2,NA,PDXNet,Yes,Controlled,11072016,Raw Sequencing Data,fastq.gz,Raw Reads,Illumina,FALSE,16241123592,NA,Breast,NA,NA,Invasive breast carcinoma
25,BCM,LZML_37140_NoIndex_L00X_R1_001.fastq.gz,2977,BCM-3277,3277,NA,BCM-3277,PDX,RNA-Seq,Female,1,Nugen Ovation v2,NA,PDXNet,Yes,Controlled,11072016,Raw Sequencing Data,fastq.gz,Raw Reads,Illumina,FALSE,12949405240,NA,Breast,NA,NA,Invasive breast carcinoma
26,BCM,LZML_37140_NoIndex_L00X_R2_001.fastq.gz,2977,BCM-3277,3277,NA,BCM-3277,PDX,RNA-Seq,Female,2,Nugen Ovation v2,NA,PDXNet,Yes,Controlled,11072016,Raw Sequencing Data,fastq.gz,Raw Reads,Illumina,FALSE,13095824034,NA,Breast,NA,NA,Invasive breast carcinoma
27,BCM,LZML_37139_NoIndex_L00X_R1_001.fastq.gz,24453,BCM-3469,3469,NA,BCM-3469,PDX,RNA-Seq,Female,1,Nugen Ovation v2,NA,PDXNet,Yes,Controlled,11072016,Raw Sequencing Data,fastq.gz,Raw Reads,Illumina,FALSE,18285994589,NA,Breast,NA,NA,Invasive breast carcinoma
28,BCM,LZML_37139_NoIndex_L00X_R2_001.fastq.gz,24453,BCM-3469,3469,NA,BCM-3469,PDX,RNA-Seq,Female,2,Nugen Ovation v2,NA,PDXNet,Yes,Controlled,11072016,Raw Sequencing Data,fastq.gz,Raw Reads,Illumina,FALSE,18309274126,NA,Breast,NA,NA,Invasive breast carcinoma
29,BCM,LZ32093_NoIndex_L00X_R1_001.fastq.gz,24464,BCM-3561,3561,NA,BCM-3561,PDX,RNA-Seq,Female,1,Nugen Ovation v2,NA,PDXNet,Yes,Controlled,11072016,Raw Sequencing Data,fastq.gz,Raw Reads,Illumina,FALSE,19885349553,NA,Breast,NA,NA,"Breast cancer, NOS"
30,BCM,LZ32093_NoIndex_L00X_R2_001.fastq.gz,24464,BCM-3561,3561,NA,BCM-3561,PDX,RNA-Seq,Female,2,Nugen Ovation v2,NA,PDXNet,Yes,Controlled,11072016,Raw Sequencing Data,fastq.gz,Raw Reads,Illumina,FALSE,20234423505,NA,Breast,NA,NA,"Breast cancer, NOS"
31,BCM,LZ32070_NoIndex_L00X_R1_001.fastq.gz,24465,BCM-3611,3611,NA,BCM-3611,PDX,RNA-Seq,Female,1,Nugen Ovation v2,NA,PDXNet,Yes,Controlled,11072016,Raw Sequencing Data,fastq.gz,Raw Reads,Illumina,FALSE,18633013955,NA,Breast,NA,NA,Invasive breast carcinoma
32,BCM,LZ32070_NoIndex_L00X_R2_001.fastq.gz,24465,BCM-3611,3611,NA,BCM-3611,PDX,RNA-Seq,Female,2,Nugen Ovation v2,NA,PDXNet,Yes,Controlled,11072016,Raw Sequencing Data,fastq.gz,Raw Reads,Illumina,FALSE,18924261052,NA,Breast,NA,NA,Invasive breast carcinoma
33,BCM,LZ32182_NoIndex_L00X_R1_001.fastq.gz,24965,BCM-3613,3613,NA,BCM-3613,PDX,RNA-Seq,Female,1,Nugen Ovation v2,NA,PDXNet,Yes,Controlled,11072016,Raw Sequencing Data,fastq.gz,Raw Reads,Illumina,FALSE,14530679067,NA,Unknown,NA,NA,Unknown
34,BCM,LZ32182_NoIndex_L00X_R2_001.fastq.gz,24965,BCM-3613,3613,NA,BCM-3613,PDX,RNA-Seq,Female,2,Nugen Ovation v2,NA,PDXNet,Yes,Controlled,11072016,Raw Sequencing Data,fastq.gz,Raw Reads,Illumina,FALSE,14314705445,NA,Unknown,NA,NA,Unknown
35,BCM,LZ32072_NoIndex_L00X_R1_001.fastq.gz,24469,BCM-3887,3887,NA,BCM-3887,PDX,RNA-Seq,Female,1,Nugen Ovation v2,NA,PDXNet,Yes,Controlled,11072016,Raw Sequencing Data,fastq.gz,Raw Reads,Illumina,FALSE,11660348156,NA,Breast,NA,NA,Invasive breast carcinoma
36,BCM,LZ32072_NoIndex_L00X_R2_001.fastq.gz,24469,BCM-3887,3887,NA,BCM-3887,PDX,RNA-Seq,Female,2,Nugen Ovation v2,NA,PDXNet,Yes,Controlled,11072016,Raw Sequencing Data,fastq.gz,Raw Reads,Illumina,FALSE,11759011258,NA,Breast,NA,NA,Invasive breast carcinoma
37,BCM,LZ32076_NoIndex_L00X_R1_001.fastq.gz,24470,BCM-3904,24470,NA,BCM-3904,PDX,RNA-Seq,Female,1,Nugen Ovation v2,NA,PDXNet,Yes,Controlled,11072016,Raw Sequencing Data,fastq.gz,Raw Reads,Illumina,FALSE,20061984773,NA,Unknown,NA,NA,Unknown
38,BCM,LZ32076_NoIndex_L00X_R2_001.fastq.gz,24470,BCM-3904,24470,NA,BCM-3904,PDX,RNA-Seq,Female,2,Nugen Ovation v2,NA,PDXNet,Yes,Controlled,11072016,Raw Sequencing Data,fastq.gz,Raw Reads,Illumina,FALSE,19902490629,NA,Unknown,NA,NA,Unknown
39,BCM,LZ32073_NoIndex_L00X_R1_001.fastq.gz,24471,BCM-3936,24471,NA,BCM-3936,PDX,RNA-Seq,Female,1,Nugen Ovation v2,NA,PDXNet,Yes,Controlled,11072016,Raw Sequencing Data,fastq.gz,Raw Reads,Illumina,FALSE,12926049931,NA,Breast,NA,NA,Invasive breast carcinoma
40,BCM,LZ32073_NoIndex_L00X_R2_001.fastq.gz,24471,BCM-3936,24471,NA,BCM-3936,PDX,RNA-Seq,Female,2,Nugen Ovation v2,NA,PDXNet,Yes,Controlled,11072016,Raw Sequencing Data,fastq.gz,Raw Reads,Illumina,FALSE,13001075089,NA,Breast,NA,NA,Invasive breast carcinoma
41,BCM,LZ32078_NoIndex_L00X_R1_001.fastq.gz,666,BCM-3963,3963,NA,BCM-3963,PDX,RNA-Seq,Female,1,Nugen Ovation v2,NA,PDXNet,Yes,Controlled,11072016,Raw Sequencing Data,fastq.gz,Raw Reads,Illumina,FALSE,11028051413,NA,Breast,NA,NA,Invasive breast carcinoma
42,BCM,LZ32078_NoIndex_L00X_R2_001.fastq.gz,666,BCM-3963,3963,NA,BCM-3963,PDX,RNA-Seq,Female,2,Nugen Ovation v2,NA,PDXNet,Yes,Controlled,11072016,Raw Sequencing Data,fastq.gz,Raw Reads,Illumina,FALSE,11043601348,NA,Breast,NA,NA,Invasive breast carcinoma
43,BCM,LZ32081_NoIndex_L00X_R1_001.fastq.gz,24473,BCM-4013,4013,NA,BCM-4013,PDX,RNA-Seq,Female,1,Nugen Ovation v2,NA,PDXNet,Yes,Controlled,11072016,Raw Sequencing Data,fastq.gz,Raw Reads,Illumina,FALSE,13988033746,NA,Breast,NA,NA,Invasive breast carcinoma
44,BCM,LZ32081_NoIndex_L00X_R2_001.fastq.gz,24473,BCM-4013,4013,NA,BCM-4013,PDX,RNA-Seq,Female,2,Nugen Ovation v2,NA,PDXNet,Yes,Controlled,11072016,Raw Sequencing Data,fastq.gz,Raw Reads,Illumina,FALSE,14058802062,NA,Breast,NA,NA,Invasive breast carcinoma
45,BCM,LZ32176_NoIndex_L00X_R1_001.fastq.gz,24468,BCM-4175,24468,NA,BCM-4175,PDX,RNA-Seq,Female,1,Nugen Ovation v2,NA,PDXNet,Yes,Controlled,11072016,Raw Sequencing Data,fastq.gz,Raw Reads,Illumina,FALSE,13183785487,NA,Breast,NA,NA,Invasive breast carcinoma
46,BCM,LZ32176_NoIndex_L00X_R2_001.fastq.gz,24468,BCM-4175,24468,NA,BCM-4175,PDX,RNA-Seq,Female,2,Nugen Ovation v2,NA,PDXNet,Yes,Controlled,11072016,Raw Sequencing Data,fastq.gz,Raw Reads,Illumina,FALSE,13215131175,NA,Breast,NA,NA,Invasive breast carcinoma
47,BCM,LZ32177_NoIndex_L00X_R1_001.fastq.gz,24476,BCM-4195,24476,NA,BCM-4195,PDX,RNA-Seq,Female,1,Nugen Ovation v2,NA,PDXNet,Yes,Controlled,11072016,Raw Sequencing Data,fastq.gz,Raw Reads,Illumina,FALSE,11334410834,NA,Breast,NA,NA,Invasive breast carcinoma
48,BCM,LZ32177_NoIndex_L00X_R2_001.fastq.gz,24476,BCM-4195,24476,NA,BCM-4195,PDX,RNA-Seq,Female,2,Nugen Ovation v2,NA,PDXNet,Yes,Controlled,11072016,Raw Sequencing Data,fastq.gz,Raw Reads,Illumina,FALSE,11347485564,NA,Breast,NA,NA,Invasive breast carcinoma
49,BCM,LZ32420_NoIndex_L00X_R1_001.fastq.gz,24477,BCM-4272,4272,NA,BCM-4272,PDX,RNA-Seq,Female,1,Nugen Ovation v2,NA,PDXNet,Yes,Controlled,11072016,Raw Sequencing Data,fastq.gz,Raw Reads,Illumina,FALSE,11120889548,NA,Breast,NA,NA,Invasive breast carcinoma
50,BCM,LZ32420_NoIndex_L00X_R2_001.fastq.gz,24477,BCM-4272,4272,NA,BCM-4272,PDX,RNA-Seq,Female,2,Nugen Ovation v2,NA,PDXNet,Yes,Controlled,11072016,Raw Sequencing Data,fastq.gz,Raw Reads,Illumina,FALSE,10846889216,NA,Breast,NA,NA,Invasive breast carcinoma
51,BCM,LZ32084_NoIndex_L00X_R1_001.fastq.gz,24480,BCM-4664,4664,NA,BCM-4664,PDX,RNA-Seq,Female,1,Nugen Ovation v2,NA,PDXNet,Yes,Controlled,11072016,Raw Sequencing Data,fastq.gz,Raw Reads,Illumina,FALSE,14165350592,NA,Breast,NA,NA,Invasive breast carcinoma
52,BCM,LZ32084_NoIndex_L00X_R2_001.fastq.gz,24480,BCM-4664,4664,NA,BCM-4664,PDX,RNA-Seq,Female,2,Nugen Ovation v2,NA,PDXNet,Yes,Controlled,11072016,Raw Sequencing Data,fastq.gz,Raw Reads,Illumina,FALSE,13899332457,NA,Breast,NA,NA,Invasive breast carcinoma
53,BCM,LZ32422_NoIndex_L00X_R1_001.fastq.gz,24482,BCM-4888,4888,NA,BCM-4888,PDX,RNA-Seq,Female,1,Nugen Ovation v2,NA,PDXNet,Yes,Controlled,11072016,Raw Sequencing Data,fastq.gz,Raw Reads,Illumina,FALSE,13188015897,NA,Breast,NA,NA,Invasive breast carcinoma
54,BCM,LZ32422_NoIndex_L00X_R2_001.fastq.gz,24482,BCM-4888,4888,NA,BCM-4888,PDX,RNA-Seq,Female,2,Nugen Ovation v2,NA,PDXNet,Yes,Controlled,11072016,Raw Sequencing Data,fastq.gz,Raw Reads,Illumina,FALSE,12809502854,NA,Breast,NA,NA,Invasive breast carcinoma
55,BCM,LZ32468_NoIndex_L00X_R1_001.fastq.gz,24483,BCM-4913,4913,NA,BCM-4913,PDX,RNA-Seq,Female,1,Nugen Ovation v2,NA,PDXNet,Yes,Controlled,11072016,Raw Sequencing Data,fastq.gz,Raw Reads,Illumina,FALSE,17951307494,NA,Breast,NA,NA,Invasive breast carcinoma
56,BCM,LZ32468_NoIndex_L00X_R2_001.fastq.gz,24483,BCM-4913,4913,NA,BCM-4913,PDX,RNA-Seq,Female,2,Nugen Ovation v2,NA,PDXNet,Yes,Controlled,11072016,Raw Sequencing Data,fastq.gz,Raw Reads,Illumina,FALSE,18021064629,NA,Breast,NA,NA,Invasive breast carcinoma
57,BCM,LZ32178_NoIndex_L00X_R1_001.fastq.gz,24484,BCM-5097,5097,NA,BCM-5097,PDX,RNA-Seq,Female,1,Nugen Ovation v2,NA,PDXNet,Yes,Controlled,11072016,Raw Sequencing Data,fastq.gz,Raw Reads,Illumina,FALSE,10120037333,NA,Breast,NA,NA,Invasive breast carcinoma
58,BCM,LZ32178_NoIndex_L00X_R2_001.fastq.gz,24484,BCM-5097,5097,NA,BCM-5097,PDX,RNA-Seq,Female,2,Nugen Ovation v2,NA,PDXNet,Yes,Controlled,11072016,Raw Sequencing Data,fastq.gz,Raw Reads,Illumina,FALSE,10135465689,NA,Breast,NA,NA,Invasive breast carcinoma
59,BCM,LZ32180_NoIndex_L00X_R1_001.fastq.gz,24487,BCM-5471,5471,NA,BCM-5471,PDX,RNA-Seq,Female,1,Nugen Ovation v2,NA,PDXNet,Yes,Controlled,11072016,Raw Sequencing Data,fastq.gz,Raw Reads,Illumina,FALSE,17460606211,NA,Breast,NA,NA,Invasive breast carcinoma
60,BCM,LZ32180_NoIndex_L00X_R2_001.fastq.gz,24487,BCM-5471,5471,NA,BCM-5471,PDX,RNA-Seq,Female,2,Nugen Ovation v2,NA,PDXNet,Yes,Controlled,11072016,Raw Sequencing Data,fastq.gz,Raw Reads,Illumina,FALSE,17512368051,NA,Breast,NA,NA,Invasive breast carcinoma
61,BCM,LZ32181_NoIndex_L00X_R1_001.fastq.gz,28869,BCM-5998,5998,NA,BCM-5998,PDX,RNA-Seq,Female,1,Nugen Ovation v2,NA,PDXNet,Yes,Controlled,11072016,Raw Sequencing Data,fastq.gz,Raw Reads,Illumina,FALSE,18661265293,NA,Breast,NA,NA,Invasive breast carcinoma
62,BCM,LZ32181_NoIndex_L00X_R2_001.fastq.gz,28869,BCM-5998,5998,NA,BCM-5998,PDX,RNA-Seq,Female,2,Nugen Ovation v2,NA,PDXNet,Yes,Controlled,11072016,Raw Sequencing Data,fastq.gz,Raw Reads,Illumina,FALSE,18776431013,NA,Breast,NA,NA,Invasive breast carcinoma
63,BCM,LZML_37388_NoIndex_L00X_R1_001.fastq.gz,2804,BCM-6257,6257,NA,BCM-6257,PDX,RNA-Seq,Female,1,Nugen Ovation v2,NA,PDXNet,Yes,Controlled,11072016,Raw Sequencing Data,fastq.gz,Raw Reads,Illumina,FALSE,12259150553,NA,Breast,NA,NA,Invasive breast carcinoma
64,BCM,LZML_37388_NoIndex_L00X_R2_001.fastq.gz,2804,BCM-6257,6257,NA,BCM-6257,PDX,RNA-Seq,Female,2,Nugen Ovation v2,NA,PDXNet,Yes,Controlled,11072016,Raw Sequencing Data,fastq.gz,Raw Reads,Illumina,FALSE,11909637893,NA,Breast,NA,NA,Invasive breast carcinoma
65,BCM,LZ39533_NoIndex_L00X_R1_001.fastq.gz,24488,BCM-7441,7441,NA,BCM-7441,PDX,RNA-Seq,Female,1,Nugen Ovation v2,NA,PDXNet,Yes,Controlled,11072016,Raw Sequencing Data,fastq.gz,Raw Reads,Illumina,FALSE,11928862040,NA,Unknown,NA,NA,Unknown
66,BCM,LZ39533_NoIndex_L00X_R2_001.fastq.gz,24488,BCM-7441,7441,NA,BCM-7441,PDX,RNA-Seq,Female,2,Nugen Ovation v2,NA,PDXNet,Yes,Controlled,11072016,Raw Sequencing Data,fastq.gz,Raw Reads,Illumina,FALSE,11666284319,NA,Unknown,NA,NA,Unknown
67,BCM,ML6057_TGACCACT_L00X_R1_001.fastq.gz,946,BCM-7482,7482,NA,BCM-7482,PDX,RNA-Seq,Female,1,Nugen Ovation v2,NA,PDXNet,Yes,Controlled,11072016,Raw Sequencing Data,fastq.gz,Raw Reads,Illumina,FALSE,19358231578,NA,Unknown,NA,NA,Unknown
68,BCM,ML6057_TGACCACT_L00X_R2_001.fastq.gz,946,BCM-7482,7482,NA,BCM-7482,PDX,RNA-Seq,Female,2,Nugen Ovation v2,NA,PDXNet,Yes,Controlled,11072016,Raw Sequencing Data,fastq.gz,Raw Reads,Illumina,FALSE,19189016947,NA,Unknown,NA,NA,Unknown
69,BCM,ML6059_ACAGTGGT_L00X_R1_001.fastq.gz,1366,BCM-7649,7649,NA,BCM-7649,PDX,RNA-Seq,Female,1,Nugen Ovation v2,NA,PDXNet,Yes,Controlled,11072016,Raw Sequencing Data,fastq.gz,Raw Reads,Illumina,FALSE,18728423995,NA,Breast,NA,NA,Invasive breast carcinoma
70,BCM,ML6059_ACAGTGGT_L00X_R2_001.fastq.gz,1366,BCM-7649,7649,NA,BCM-7649,PDX,RNA-Seq,Female,2,Nugen Ovation v2,NA,PDXNet,Yes,Controlled,11072016,Raw Sequencing Data,fastq.gz,Raw Reads,Illumina,FALSE,18544725163,NA,Breast,NA,NA,Invasive breast carcinoma
71,BCM,ML6060_GCCAATGT_L00X_R1_001.fastq.gz,24560,BCM-7821,7821,NA,BCM-7821,PDX,RNA-Seq,Female,1,Nugen Ovation v2,NA,PDXNet,Yes,Controlled,11072016,Raw Sequencing Data,fastq.gz,Raw Reads,Illumina,FALSE,19108721362,NA,Breast,NA,NA,Invasive breast carcinoma
72,BCM,ML6060_GCCAATGT_L00X_R2_001.fastq.gz,24560,BCM-7821,7821,NA,BCM-7821,PDX,RNA-Seq,Female,2,Nugen Ovation v2,NA,PDXNet,Yes,Controlled,11072016,Raw Sequencing Data,fastq.gz,Raw Reads,Illumina,FALSE,19447352597,NA,Breast,NA,NA,Invasive breast carcinoma
73,BCM,LZML_37250_NoIndex_L00X_R1_001.fastq.gz,2279,BCM-8563,8563,NA,BCM-8563,PDX,RNA-Seq,Female,1,Nugen Ovation v2,NA,PDXNet,Yes,Controlled,11072016,Raw Sequencing Data,fastq.gz,Raw Reads,Illumina,FALSE,17304094242,NA,Breast,NA,NA,Invasive breast carcinoma
74,BCM,LZML_37250_NoIndex_L00X_R2_001.fastq.gz,2279,BCM-8563,8563,NA,BCM-8563,PDX,RNA-Seq,Female,2,Nugen Ovation v2,NA,PDXNet,Yes,Controlled,11072016,Raw Sequencing Data,fastq.gz,Raw Reads,Illumina,FALSE,17246089635,NA,Breast,NA,NA,Invasive breast carcinoma
75,BCM,LZML_37143_NoIndex_L00X_R1_001.fastq.gz,24490,BCM-9161,9161,NA,BCM-9161,PDX,RNA-Seq,Female,1,Nugen Ovation v2,NA,PDXNet,Yes,Controlled,8152017,Raw Sequencing Data,fastq.gz,Raw Reads,Illumina,FALSE,17194039869,NA,Breast,NA,NA,Invasive breast carcinoma
76,BCM,LZML_37143_NoIndex_L00X_R2_001.fastq.gz,24490,BCM-9161,9161,NA,BCM-9161,PDX,RNA-Seq,Female,2,Nugen Ovation v2,NA,PDXNet,Yes,Controlled,8152017,Raw Sequencing Data,fastq.gz,Raw Reads,Illumina,FALSE,17068361665,NA,Breast,NA,NA,Invasive breast carcinoma
77,BCM,GW-WES-23_S47_L006_R1_001.fastq.gz,24452,BCM-0002,2011012-2,NA,BCM-0002,PDX,WES,Female,1,SureSelect Human All Exon V6,NA,PDXNet,Yes,Controlled,8152017,Raw Sequencing Data,fastq.gz,Raw Reads,Illumina,FALSE,16948255611,NA,Breast,NA,NA,Invasive breast carcinoma
78,BCM,GW-WES-23_S47_L006_R2_001.fastq.gz,24452,BCM-0002,2011012-2,NA,BCM-0002,PDX,WES,Female,2,SureSelect Human All Exon V6,NA,PDXNet,Yes,Controlled,8152017,Raw Sequencing Data,fastq.gz,Raw Reads,Illumina,FALSE,17157726525,NA,Breast,NA,NA,Invasive breast carcinoma
79,BCM,43_S38_L005_R1_001.fastq.gz,2219,BCM-0046,2011012-46,NA,BCM-0046,PDX,WES,Female,1,SureSelect Human All Exon V6,NA,PDXNet,Yes,Controlled,8152017,Raw Sequencing Data,fastq.gz,Raw Reads,Illumina,FALSE,21278487271,NA,Breast,NA,NA,Invasive breast carcinoma
80,BCM,43_S38_L005_R2_001.fastq.gz,2219,BCM-0046,2011012-46,NA,BCM-0046,PDX,WES,Female,2,SureSelect Human All Exon V6,NA,PDXNet,Yes,Controlled,8152017,Raw Sequencing Data,fastq.gz,Raw Reads,Illumina,FALSE,21824985879,NA,Breast,NA,NA,Invasive breast carcinoma
81,BCM,42_S37_L005_R1_001.fastq.gz,24561,BCM-0104,2011012-104,NA,BCM-0104,PDX,WES,Female,1,SureSelect Human All Exon V6,NA,PDXNet,Yes,Controlled,11072016,Raw Sequencing Data,fastq.gz,Raw Reads,Illumina,FALSE,21442874129,NA,Breast,NA,NA,Invasive breast carcinoma
82,BCM,42_S37_L005_R2_001.fastq.gz,24561,BCM-0104,2011012-104,NA,BCM-0104,PDX,WES,Female,2,SureSelect Human All Exon V6,NA,PDXNet,Yes,Controlled,11072016,Raw Sequencing Data,fastq.gz,Raw Reads,Illumina,FALSE,21879718181,NA,Breast,NA,NA,Invasive breast carcinoma
83,BCM,38_S33_L005_R1_001.fastq.gz,4661,BCM-0113,2011012-113,NA,BCM-0113,PDX,WES,Female,1,SureSelect Human All Exon V6,NA,PDXNet,Yes,Controlled,11072016,Raw Sequencing Data,fastq.gz,Raw Reads,Illumina,FALSE,20758347195,NA,Breast,NA,NA,Invasive breast carcinoma
84,BCM,38_S33_L005_R2_001.fastq.gz,4661,BCM-0113,2011012-113,NA,BCM-0113,PDX,WES,Female,2,SureSelect Human All Exon V6,NA,PDXNet,Yes,Controlled,11072016,Raw Sequencing Data,fastq.gz,Raw Reads,Illumina,FALSE,21188188899,NA,Breast,NA,NA,Invasive breast carcinoma
85,BCM,37_S32_L005_R1_001.fastq.gz,28918,BCM-0132,2011012-132,NA,BCM-0132,PDX,WES,Female,1,SureSelect Human All Exon V6,NA,PDXNet,Yes,Controlled,NA,Raw Sequencing Data,fastq.gz,Raw Reads,Illumina,NA,3018909859,NA,Breast,NA,NA,Invasive breast carcinoma
86,BCM,37_S32_L005_R2_001.fastq.gz,28918,BCM-0132,2011012-132,NA,BCM-0132,PDX,WES,Female,2,SureSelect Human All Exon V6,NA,PDXNet,Yes,Controlled,NA,Raw Sequencing Data,fastq.gz,Raw Reads,Illumina,NA,3199532881,NA,Breast,NA,NA,Invasive breast carcinoma
87,BCM,48_S46_L008_R1_001.fastq.gz,13611,BCM-15006,32LS63,NA,BCM-15006,PDX,WES,Female,1,SureSelect Human All Exon V6,NA,PDXNet,Yes,Controlled,NA,Raw Sequencing Data,fastq.gz,Raw Reads,Illumina,NA,1996772394,NA,Breast,NA,NA,Invasive breast carcinoma
88,BCM,48_S46_L008_R2_001.fastq.gz,13611,BCM-15006,32LS63,NA,BCM-15006,PDX,WES,Female,2,SureSelect Human All Exon V6,NA,PDXNet,Yes,Controlled,NA,Raw Sequencing Data,fastq.gz,Raw Reads,Illumina,NA,2301121114,NA,Breast,NA,NA,Invasive breast carcinoma
89,BCM,GW-WES-55_S9_L001_R1_001.fastq.gz,24455,BCM-2147,2147,NA,BCM-2147,PDX,WES,Female,1,SureSelect Human All Exon V6,NA,PDXNet,Yes,Controlled,NA,Raw Sequencing Data,fastq.gz,Raw Reads,Illumina,NA,2149435911,NA,Breast,NA,NA,Invasive breast carcinoma
90,BCM,GW-WES-55_S9_L001_R2_001.fastq.gz,24455,BCM-2147,2147,NA,BCM-2147,PDX,WES,Female,2,SureSelect Human All Exon V6,NA,PDXNet,Yes,Controlled,NA,Raw Sequencing Data,fastq.gz,Raw Reads,Illumina,NA,2477580659,NA,Breast,NA,NA,Invasive breast carcinoma
91,BCM,36_S31_L005_R1_001.fastq.gz,24455,BCM-2277,2277,NA,BCM-2277,PDX,WES,Female,1,SureSelect Human All Exon V6,NA,PDXNet,Yes,Controlled,NA,Raw Sequencing Data,fastq.gz,Raw Reads,Illumina,NA,2154848800,NA,Breast,NA,NA,Invasive breast carcinoma
92,BCM,36_S31_L005_R2_001.fastq.gz,24455,BCM-2277,2277,NA,BCM-2277,PDX,WES,Female,2,SureSelect Human All Exon V6,NA,PDXNet,Yes,Controlled,NA,Raw Sequencing Data,fastq.gz,Raw Reads,Illumina,NA,2518979471,NA,Breast,NA,NA,Invasive breast carcinoma
93,BCM,GW-WES-25_S1_L006_R1_001.fastq.gz,24457,BCM-2665,2665,NA,BCM-2665,PDX,WES,Female,1,SureSelect Human All Exon V6,NA,PDXNet,Yes,Controlled,NA,Raw Sequencing Data,fastq.gz,Raw Reads,Illumina,NA,2072391004,NA,Breast,NA,NA,Invasive breast carcinoma
94,BCM,GW-WES-25_S1_L006_R2_001.fastq.gz,24457,BCM-2665,2665,NA,BCM-2665,PDX,WES,Female,2,SureSelect Human All Exon V6,NA,PDXNet,Yes,Controlled,NA,Raw Sequencing Data,fastq.gz,Raw Reads,Illumina,NA,2376626757,NA,Breast,NA,NA,Invasive breast carcinoma
95,BCM,GW-WES-8_S8_L004_R1_001.fastq.gz,24458,BCM-3104,3104,NA,BCM-3104,PDX,WES,Female,1,SureSelect Human All Exon V6,NA,PDXNet,Yes,Controlled,NA,Raw Sequencing Data,fastq.gz,Raw Reads,Illumina,NA,2671024205,NA,Unknown,NA,NA,Unknown
96,BCM,GW-WES-8_S8_L004_R2_001.fastq.gz,24458,BCM-3104,3104,NA,BCM-3104,PDX,WES,Female,2,SureSelect Human All Exon V6,NA,PDXNet,Yes,Controlled,NA,Raw Sequencing Data,fastq.gz,Raw Reads,Illumina,NA,3050777850,NA,Unknown,NA,NA,Unknown
97,BCM,GW-WES-26_S2_L006_R1_001.fastq.gz,24459,BCM-3107,3107,NA,BCM-3107,PDX,WES,Female,1,SureSelect Human All Exon V6,NA,PDXNet,Yes,Controlled,NA,Raw Sequencing Data,fastq.gz,Raw Reads,Illumina,NA,1874355209,NA,Breast,NA,NA,Invasive breast carcinoma
98,BCM,GW-WES-26_S2_L006_R2_001.fastq.gz,24459,BCM-3107,3107,NA,BCM-3107,PDX,WES,Female,2,SureSelect Human All Exon V6,NA,PDXNet,Yes,Controlled,NA,Raw Sequencing Data,fastq.gz,Raw Reads,Illumina,NA,2012722361,NA,Breast,NA,NA,Invasive breast carcinoma
99,BCM,GW-WES-27_S3_L006_R1_001.fastq.gz,24458,BCM-3143,3143,NA,BCM-3143,PDX,WES,Female,1,SureSelect Human All Exon V6,NA,PDXNet,Yes,Controlled,NA,Raw Sequencing Data,fastq.gz,Raw Reads,Illumina,NA,1747455991,NA,Unknown,NA,NA,Unknown
100,BCM,GW-WES-27_S3_L006_R2_001.fastq.gz,24458,BCM-3143,3143,NA,BCM-3143,PDX,WES,Female,2,SureSelect Human All Exon V6,NA,PDXNet,Yes,Controlled,NA,Raw Sequencing Data,fastq.gz,Raw Reads,Illumina,NA,2029032235,NA,Unknown,NA,NA,Unknown
101,BCM,GW-WES-28_S4_L006_R1_001.fastq.gz,24460,BCM-3204,3204,NA,BCM-3204,PDX,WES,Female,1,SureSelect Human All Exon V6,NA,PDXNet,Yes,Controlled,NA,Raw Sequencing Data,fastq.gz,Raw Reads,Illumina,NA,2463283167,NA,Breast,NA,NA,Invasive breast carcinoma
102,BCM,GW-WES-28_S4_L006_R2_001.fastq.gz,24460,BCM-3204,3204,NA,BCM-3204,PDX,WES,Female,2,SureSelect Human All Exon V6,NA,PDXNet,Yes,Controlled,NA,Raw Sequencing Data,fastq.gz,Raw Reads,Illumina,NA,2558993424,NA,Breast,NA,NA,Invasive breast carcinoma
103,BCM,GW-WES-29_S5_L006_R1_001.fastq.gz,2977,BCM-3277,3277,NA,BCM-3277,PDX,WES,Female,1,SureSelect Human All Exon V6,NA,PDXNet,Yes,Controlled,NA,Raw Sequencing Data,fastq.gz,Raw Reads,Illumina,NA,1773967377,NA,Breast,NA,NA,Invasive breast carcinoma
104,BCM,GW-WES-29_S5_L006_R2_001.fastq.gz,2977,BCM-3277,3277,NA,BCM-3277,PDX,WES,Female,2,SureSelect Human All Exon V6,NA,PDXNet,Yes,Controlled,NA,Raw Sequencing Data,fastq.gz,Raw Reads,Illumina,NA,2140192525,NA,Breast,NA,NA,Invasive breast carcinoma
105,BCM,GW-WES-30_S6_L006_R1_001.fastq.gz,24453,BCM-3469,3469,NA,BCM-3469,PDX,WES,Female,1,SureSelect Human All Exon V6,NA,PDXNet,Yes,Controlled,NA,Raw Sequencing Data,fastq.gz,Raw Reads,Illumina,NA,2589139114,NA,Breast,NA,NA,Invasive breast carcinoma
106,BCM,GW-WES-30_S6_L006_R2_001.fastq.gz,24453,BCM-3469,3469,NA,BCM-3469,PDX,WES,Female,2,SureSelect Human All Exon V6,NA,PDXNet,Yes,Controlled,NA,Raw Sequencing Data,fastq.gz,Raw Reads,Illumina,NA,2733168163,NA,Breast,NA,NA,Invasive breast carcinoma
107,BCM,GW-WES-6_S6_L004_R1_001.fastq.gz,24458,BCM-3472,3472,NA,BCM-3472,PDX,WES,Female,1,SureSelect Human All Exon V6,NA,PDXNet,Yes,Controlled,NA,Raw Sequencing Data,fastq.gz,Raw Reads,Illumina,NA,2206461787,NA,Unknown,NA,NA,Unknown
108,BCM,GW-WES-6_S6_L004_R2_001.fastq.gz,24458,BCM-3472,3472,NA,BCM-3472,PDX,WES,Female,2,SureSelect Human All Exon V6,NA,PDXNet,Yes,Controlled,NA,Raw Sequencing Data,fastq.gz,Raw Reads,Illumina,NA,2293372441,NA,Unknown,NA,NA,Unknown
109,BCM,GW-WES-31_S7_L006_R1_001.fastq.gz,24464,BCM-3561,3561,NA,BCM-3561,PDX,WES,Female,1,SureSelect Human All Exon V6,NA,PDXNet,Yes,Controlled,NA,Raw Sequencing Data,fastq.gz,Raw Reads,Illumina,NA,2150670824,NA,Breast,NA,NA,"Breast cancer, NOS"
110,BCM,GW-WES-31_S7_L006_R2_001.fastq.gz,24464,BCM-3561,3561,NA,BCM-3561,PDX,WES,Female,2,SureSelect Human All Exon V6,NA,PDXNet,Yes,Controlled,NA,Raw Sequencing Data,fastq.gz,Raw Reads,Illumina,NA,2216160542,NA,Breast,NA,NA,"Breast cancer, NOS"
111,BCM,GW-WES-32_S8_L006_R1_001.fastq.gz,24465,BCM-3611,3611,NA,BCM-3611,PDX,WES,Female,1,SureSelect Human All Exon V6,NA,PDXNet,Yes,Controlled,NA,Raw Sequencing Data,fastq.gz,Raw Reads,Illumina,NA,2249573956,NA,Breast,NA,NA,Invasive breast carcinoma
112,BCM,GW-WES-32_S8_L006_R2_001.fastq.gz,24465,BCM-3611,3611,NA,BCM-3611,PDX,WES,Female,2,SureSelect Human All Exon V6,NA,PDXNet,Yes,Controlled,NA,Raw Sequencing Data,fastq.gz,Raw Reads,Illumina,NA,2346927573,NA,Breast,NA,NA,Invasive breast carcinoma
113,BCM,GW-WES-11_S11_L005_R1_001.fastq.gz,24965,BCM-3613,3613,NA,BCM-3613,PDX,WES,Female,1,SureSelect Human All Exon V6,NA,PDXNet,Yes,Controlled,NA,Raw Sequencing Data,fastq.gz,Raw Reads,Illumina,NA,2082358335,NA,Unknown,NA,NA,Unknown
114,BCM,GW-WES-11_S11_L005_R2_001.fastq.gz,24965,BCM-3613,3613,NA,BCM-3613,PDX,WES,Female,2,SureSelect Human All Exon V6,NA,PDXNet,Yes,Controlled,NA,Raw Sequencing Data,fastq.gz,Raw Reads,Illumina,NA,2195809204,NA,Unknown,NA,NA,Unknown
115,BCM,47_S45_L008_R1_001.fastq.gz,24469,BCM-3887,3887,NA,BCM-3887,PDX,WES,Female,1,SureSelect Human All Exon V6,NA,PDXNet,Yes,Controlled,NA,Raw Sequencing Data,fastq.gz,Raw Reads,Illumina,NA,2001021337,NA,Breast,NA,NA,Invasive breast carcinoma
116,BCM,47_S45_L008_R2_001.fastq.gz,24469,BCM-3887,3887,NA,BCM-3887,PDX,WES,Female,2,SureSelect Human All Exon V6,NA,PDXNet,Yes,Controlled,NA,Raw Sequencing Data,fastq.gz,Raw Reads,Illumina,NA,2387099846,NA,Breast,NA,NA,Invasive breast carcinoma
117,BCM,GW-WES-7_S7_L004_R1_001.fastq.gz,24470,BCM-3904,24470,NA,BCM-3904,PDX,WES,Female,1,SureSelect Human All Exon V6,NA,PDXNet,Yes,Controlled,NA,Raw Sequencing Data,fastq.gz,Raw Reads,Illumina,NA,2328901262,NA,Unknown,NA,NA,Unknown
118,BCM,GW-WES-7_S7_L004_R2_001.fastq.gz,24470,BCM-3904,24470,NA,BCM-3904,PDX,WES,Female,2,SureSelect Human All Exon V6,NA,PDXNet,Yes,Controlled,NA,Raw Sequencing Data,fastq.gz,Raw Reads,Illumina,NA,2443004912,NA,Unknown,NA,NA,Unknown
119,BCM,41_S36_L005_R1_001.fastq.gz,24471,BCM-3936,24471,NA,BCM-3936,PDX,WES,Female,1,SureSelect Human All Exon V6,NA,PDXNet,Yes,Controlled,NA,Raw Sequencing Data,fastq.gz,Raw Reads,Illumina,NA,2695031491,NA,Breast,NA,NA,Invasive breast carcinoma
120,BCM,41_S36_L005_R2_001.fastq.gz,24471,BCM-3936,24471,NA,BCM-3936,PDX,WES,Female,2,SureSelect Human All Exon V6,NA,PDXNet,Yes,Controlled,NA,Raw Sequencing Data,fastq.gz,Raw Reads,Illumina,NA,2833359684,NA,Breast,NA,NA,Invasive breast carcinoma
121,BCM,GW-WES-3_S3_L004_R1_001.fastq.gz,666,BCM-3963,3963,NA,BCM-3963,PDX,WES,Female,1,SureSelect Human All Exon V6,NA,PDXNet,Yes,Controlled,NA,Raw Sequencing Data,fastq.gz,Raw Reads,Illumina,NA,2034975381,NA,Breast,NA,NA,Invasive breast carcinoma
122,BCM,GW-WES-3_S3_L004_R2_001.fastq.gz,666,BCM-3963,3963,NA,BCM-3963,PDX,WES,Female,2,SureSelect Human All Exon V6,NA,PDXNet,Yes,Controlled,NA,Raw Sequencing Data,fastq.gz,Raw Reads,Illumina,NA,2425792466,NA,Breast,NA,NA,Invasive breast carcinoma
123,BCM,GW-WES-33_S9_L006_R1_001.fastq.gz,24473,BCM-4013,4013,NA,BCM-4013,PDX,WES,Female,1,SureSelect Human All Exon V6,NA,PDXNet,Yes,Controlled,NA,Raw Sequencing Data,fastq.gz,Raw Reads,Illumina,NA,2483503302,NA,Breast,NA,NA,Invasive breast carcinoma
124,BCM,GW-WES-33_S9_L006_R2_001.fastq.gz,24473,BCM-4013,4013,NA,BCM-4013,PDX,WES,Female,2,SureSelect Human All Exon V6,NA,PDXNet,Yes,Controlled,NA,Raw Sequencing Data,fastq.gz,Raw Reads,Illumina,NA,2854747010,NA,Breast,NA,NA,Invasive breast carcinoma
125,BCM,GW-WES-1_S1_L004_R1_001.fastq.gz,666,BCM-4169,4169,NA,BCM-4169,PDX,WES,Female,1,SureSelect Human All Exon V6,NA,PDXNet,Yes,Controlled,NA,Raw Sequencing Data,fastq.gz,Raw Reads,Illumina,NA,2287673256,NA,Breast,NA,NA,Invasive breast carcinoma
126,BCM,GW-WES-1_S1_L004_R2_001.fastq.gz,666,BCM-4169,4169,NA,BCM-4169,PDX,WES,Female,2,SureSelect Human All Exon V6,NA,PDXNet,Yes,Controlled,NA,Raw Sequencing Data,fastq.gz,Raw Reads,Illumina,NA,2767426626,NA,Breast,NA,NA,Invasive breast carcinoma
127,BCM,GW-WES-13_S13_L005_R1_001.fastq.gz,24468,BCM-4175,24468,NA,BCM-4175,PDX,WES,Female,1,SureSelect Human All Exon V6,NA,PDXNet,Yes,Controlled,NA,Raw Sequencing Data,fastq.gz,Raw Reads,Illumina,NA,2008402987,NA,Breast,NA,NA,Invasive breast carcinoma
128,BCM,GW-WES-13_S13_L005_R2_001.fastq.gz,24468,BCM-4175,24468,NA,BCM-4175,PDX,WES,Female,2,SureSelect Human All Exon V6,NA,PDXNet,Yes,Controlled,NA,Raw Sequencing Data,fastq.gz,Raw Reads,Illumina,NA,2305514166,NA,Breast,NA,NA,Invasive breast carcinoma
129,BCM,40_S35_L005_R1_001.fastq.gz,24476,BCM-4195,24476,NA,BCM-4195,PDX,WES,Female,1,SureSelect Human All Exon V6,NA,PDXNet,Yes,Controlled,NA,Raw Sequencing Data,fastq.gz,Raw Reads,Illumina,NA,2431950446,NA,Breast,NA,NA,Invasive breast carcinoma
130,BCM,40_S35_L005_R2_001.fastq.gz,24476,BCM-4195,24476,NA,BCM-4195,PDX,WES,Female,2,SureSelect Human All Exon V6,NA,PDXNet,Yes,Controlled,NA,Raw Sequencing Data,fastq.gz,Raw Reads,Illumina,NA,2953944964,NA,Breast,NA,NA,Invasive breast carcinoma
131,BCM,GW-WES-14_S14_L005_R1_001.fastq.gz,24477,BCM-4272,4272,NA,BCM-4272,PDX,WES,Female,1,SureSelect Human All Exon V6,NA,PDXNet,Yes,Controlled,NA,Raw Sequencing Data,fastq.gz,Raw Reads,Illumina,NA,2567836036,NA,Breast,NA,NA,Invasive breast carcinoma
132,BCM,GW-WES-14_S14_L005_R2_001.fastq.gz,24477,BCM-4272,4272,NA,BCM-4272,PDX,WES,Female,2,SureSelect Human All Exon V6,NA,PDXNet,Yes,Controlled,NA,Raw Sequencing Data,fastq.gz,Raw Reads,Illumina,NA,2692741853,NA,Breast,NA,NA,Invasive breast carcinoma
133,BCM,GW-WES-17_S41_L006_R1_001.fastq.gz,24480,BCM-4664,4664,NA,BCM-4664,PDX,WES,Female,1,SureSelect Human All Exon V6,NA,PDXNet,Yes,Controlled,NA,Raw Sequencing Data,fastq.gz,Raw Reads,Illumina,NA,2055679460,NA,Breast,NA,NA,Invasive breast carcinoma
134,BCM,GW-WES-17_S41_L006_R2_001.fastq.gz,24480,BCM-4664,4664,NA,BCM-4664,PDX,WES,Female,2,SureSelect Human All Exon V6,NA,PDXNet,Yes,Controlled,NA,Raw Sequencing Data,fastq.gz,Raw Reads,Illumina,NA,2454432638,NA,Breast,NA,NA,Invasive breast carcinoma
135,BCM,GW-WES-2_S2_L004_R1_001.fastq.gz,24477,BCM-4849,4849,NA,BCM-4849,PDX,WES,Female,1,SureSelect Human All Exon V6,NA,PDXNet,Yes,Controlled,NA,Raw Sequencing Data,fastq.gz,Raw Reads,Illumina,NA,1817893458,NA,Breast,NA,NA,Invasive breast carcinoma
136,BCM,GW-WES-2_S2_L004_R2_001.fastq.gz,24477,BCM-4849,4849,NA,BCM-4849,PDX,WES,Female,2,SureSelect Human All Exon V6,NA,PDXNet,Yes,Controlled,NA,Raw Sequencing Data,fastq.gz,Raw Reads,Illumina,NA,2173300602,NA,Breast,NA,NA,Invasive breast carcinoma
137,BCM,GW-WES-15_S15_L005_R1_001.fastq.gz,24482,BCM-4888,4888,NA,BCM-4888,PDX,WES,Female,1,SureSelect Human All Exon V6,NA,PDXNet,Yes,Controlled,NA,Raw Sequencing Data,fastq.gz,Raw Reads,Illumina,NA,1918307022,NA,Breast,NA,NA,Invasive breast carcinoma
138,BCM,GW-WES-15_S15_L005_R2_001.fastq.gz,24482,BCM-4888,4888,NA,BCM-4888,PDX,WES,Female,2,SureSelect Human All Exon V6,NA,PDXNet,Yes,Controlled,NA,Raw Sequencing Data,fastq.gz,Raw Reads,Illumina,NA,2309757688,NA,Breast,NA,NA,Invasive breast carcinoma
139,BCM,34_S29_L005_R1_001.fastq.gz,24483,BCM-4913,4913,NA,BCM-4913,PDX,WES,Female,1,SureSelect Human All Exon V6,NA,PDXNet,Yes,Controlled,NA,Raw Sequencing Data,fastq.gz,Raw Reads,Illumina,NA,1978445255,NA,Breast,NA,NA,Invasive breast carcinoma
140,BCM,34_S29_L005_R2_001.fastq.gz,24483,BCM-4913,4913,NA,BCM-4913,PDX,WES,Female,2,SureSelect Human All Exon V6,NA,PDXNet,Yes,Controlled,NA,Raw Sequencing Data,fastq.gz,Raw Reads,Illumina,NA,2318042161,NA,Breast,NA,NA,Invasive breast carcinoma
141,BCM,GW-WES-16_S16_L005_R1_001.fastq.gz,24484,BCM-5097,5097,NA,BCM-5097,PDX,WES,Female,1,SureSelect Human All Exon V6,NA,PDXNet,Yes,Controlled,NA,Raw Sequencing Data,fastq.gz,Raw Reads,Illumina,NA,2165779759,NA,Breast,NA,NA,Invasive breast carcinoma
142,BCM,GW-WES-16_S16_L005_R2_001.fastq.gz,24484,BCM-5097,5097,NA,BCM-5097,PDX,WES,Female,2,SureSelect Human All Exon V6,NA,PDXNet,Yes,Controlled,NA,Raw Sequencing Data,fastq.gz,Raw Reads,Illumina,NA,2581117117,NA,Breast,NA,NA,Invasive breast carcinoma
143,BCM,GW-WES-57_S26_L003_R1_001.fastq.gz,24483,BCM-5438,5438,NA,BCM-5438,PDX,WES,Female,1,SureSelect Human All Exon V6,NA,PDXNet,Yes,Controlled,NA,Raw Sequencing Data,fastq.gz,Raw Reads,Illumina,NA,3403273744,NA,Breast,NA,NA,Invasive breast carcinoma
144,BCM,GW-WES-57_S26_L003_R2_001.fastq.gz,24483,BCM-5438,5438,NA,BCM-5438,PDX,WES,Female,2,SureSelect Human All Exon V6,NA,PDXNet,Yes,Controlled,NA,Raw Sequencing Data,fastq.gz,Raw Reads,Illumina,NA,3619364469,NA,Breast,NA,NA,Invasive breast carcinoma
145,BCM,GW-WES-18_S42_L006_R1_001.fastq.gz,24487,BCM-5471,5471,NA,BCM-5471,PDX,WES,Female,1,SureSelect Human All Exon V6,NA,PDXNet,Yes,Controlled,NA,Raw Sequencing Data,fastq.gz,Raw Reads,Illumina,NA,2227616883,NA,Breast,NA,NA,Invasive breast carcinoma
146,BCM,GW-WES-18_S42_L006_R2_001.fastq.gz,24487,BCM-5471,5471,NA,BCM-5471,PDX,WES,Female,2,SureSelect Human All Exon V6,NA,PDXNet,Yes,Controlled,NA,Raw Sequencing Data,fastq.gz,Raw Reads,Illumina,NA,2698449896,NA,Breast,NA,NA,Invasive breast carcinoma
147,BCM,GW-WES-19_S43_L006_R1_001.fastq.gz,28869,BCM-5998,5998,NA,BCM-5998,PDX,WES,Female,1,SureSelect Human All Exon V6,NA,PDXNet,Yes,Controlled,NA,Raw Sequencing Data,fastq.gz,Raw Reads,Illumina,NA,2606963681,NA,Breast,NA,NA,Invasive breast carcinoma
148,BCM,GW-WES-19_S43_L006_R2_001.fastq.gz,28869,BCM-5998,5998,NA,BCM-5998,PDX,WES,Female,2,SureSelect Human All Exon V6,NA,PDXNet,Yes,Controlled,NA,Raw Sequencing Data,fastq.gz,Raw Reads,Illumina,NA,3128859054,NA,Breast,NA,NA,Invasive breast carcinoma
149,BCM,GW-WES-20_S44_L006_R1_001.fastq.gz,2804,BCM-6257,6257,NA,BCM-6257,PDX,WES,Female,1,SureSelect Human All Exon V6,NA,PDXNet,Yes,Controlled,NA,Raw Sequencing Data,fastq.gz,Raw Reads,Illumina,NA,2169456590,NA,Breast,NA,NA,Invasive breast carcinoma
150,BCM,GW-WES-20_S44_L006_R2_001.fastq.gz,2804,BCM-6257,6257,NA,BCM-6257,PDX,WES,Female,2,SureSelect Human All Exon V6,NA,PDXNet,Yes,Controlled,NA,Raw Sequencing Data,fastq.gz,Raw Reads,Illumina,NA,2524696687,NA,Breast,NA,NA,Invasive breast carcinoma
151,BCM,GW-WES-21_S45_L006_R1_001.fastq.gz,24488,BCM-7441,7441,NA,BCM-7441,PDX,WES,Female,1,SureSelect Human All Exon V6,NA,PDXNet,Yes,Controlled,NA,Raw Sequencing Data,fastq.gz,Raw Reads,Illumina,NA,2361276185,NA,Unknown,NA,NA,Unknown
152,BCM,GW-WES-21_S45_L006_R2_001.fastq.gz,24488,BCM-7441,7441,NA,BCM-7441,PDX,WES,Female,2,SureSelect Human All Exon V6,NA,PDXNet,Yes,Controlled,NA,Raw Sequencing Data,fastq.gz,Raw Reads,Illumina,NA,2873590350,NA,Unknown,NA,NA,Unknown
153,BCM,GW-WES-22_S46_L006_R1_001.fastq.gz,946,BCM-7482,7482,NA,BCM-7482,PDX,WES,Female,1,SureSelect Human All Exon V6,NA,PDXNet,Yes,Controlled,NA,Raw Sequencing Data,fastq.gz,Raw Reads,Illumina,NA,1997163673,NA,Unknown,NA,NA,Unknown
154,BCM,GW-WES-22_S46_L006_R2_001.fastq.gz,946,BCM-7482,7482,NA,BCM-7482,PDX,WES,Female,2,SureSelect Human All Exon V6,NA,PDXNet,Yes,Controlled,NA,Raw Sequencing Data,fastq.gz,Raw Reads,Illumina,NA,2415336021,NA,Unknown,NA,NA,Unknown
155,BCM,51_S49_L008_R1_001.fastq.gz,1366,BCM-7649,7649,NA,BCM-7649,PDX,WES,Female,1,SureSelect Human All Exon V6,NA,PDXNet,Yes,Controlled,NA,Raw Sequencing Data,fastq.gz,Raw Reads,Illumina,NA,1931859978,NA,Breast,NA,NA,Invasive breast carcinoma
156,BCM,51_S49_L008_R2_001.fastq.gz,1366,BCM-7649,7649,NA,BCM-7649,PDX,WES,Female,2,SureSelect Human All Exon V6,NA,PDXNet,Yes,Controlled,NA,Raw Sequencing Data,fastq.gz,Raw Reads,Illumina,NA,2149419963,NA,Breast,NA,NA,Invasive breast carcinoma
157,BCM,50_S48_L008_R1_001.fastq.gz,24560,BCM-7821,7821,NA,BCM-7821,PDX,WES,Female,1,SureSelect Human All Exon V6,NA,PDXNet,Yes,Controlled,NA,Raw Sequencing Data,fastq.gz,Raw Reads,Illumina,NA,2607416400,NA,Breast,NA,NA,Invasive breast carcinoma
158,BCM,50_S48_L008_R2_001.fastq.gz,24560,BCM-7821,7821,NA,BCM-7821,PDX,WES,Female,2,SureSelect Human All Exon V6,NA,PDXNet,Yes,Controlled,NA,Raw Sequencing Data,fastq.gz,Raw Reads,Illumina,NA,2749938212,NA,Breast,NA,NA,Invasive breast carcinoma
159,BCM,GW-WES-4_S4_L004_R1_001.fastq.gz,2279,BCM-8563,8563,NA,BCM-8563,PDX,WES,Female,1,SureSelect Human All Exon V6,NA,PDXNet,Yes,Controlled,NA,Raw Sequencing Data,fastq.gz,Raw Reads,Illumina,NA,3883867537,NA,Breast,NA,NA,Invasive breast carcinoma
160,BCM,GW-WES-4_S4_L004_R2_001.fastq.gz,2279,BCM-8563,8563,NA,BCM-8563,PDX,WES,Female,2,SureSelect Human All Exon V6,NA,PDXNet,Yes,Controlled,NA,Raw Sequencing Data,fastq.gz,Raw Reads,Illumina,NA,4116859447,NA,Breast,NA,NA,Invasive breast carcinoma
161,BCM,49_S47_L008_R1_001.fastq.gz,24490,BCM-9161,9161,NA,BCM-9161,PDX,WES,Female,1,SureSelect Human All Exon V6,NA,PDXNet,Yes,Controlled,NA,Raw Sequencing Data,fastq.gz,Raw Reads,Illumina,NA,3319537840,NA,Breast,NA,NA,Invasive breast carcinoma
162,BCM,49_S47_L008_R2_001.fastq.gz,24490,BCM-9161,9161,NA,BCM-9161,PDX,WES,Female,2,SureSelect Human All Exon V6,NA,PDXNet,Yes,Controlled,NA,Raw Sequencing Data,fastq.gz,Raw Reads,Illumina,NA,3540714367,NA,Breast,NA,NA,Invasive breast carcinoma
163,BCM,35_S30_L005_R1_001.fastq.gz,24490,BCM-4400,4400,NA,BCM-4400,PDX,WES,Female,1,SureSelect Human All Exon V6,NA,PDXNet,Yes,Controlled,NA,Raw Sequencing Data,fastq.gz,Raw Reads,Illumina,NA,NA,NA,Unknown,NA,NA,Unknown
164,BCM,35_S30_L005_R2_001.fastq.gz,24490,BCM-4400,4400,NA,BCM-4400,PDX,WES,Female,2,SureSelect Human All Exon V6,NA,PDXNet,Yes,Controlled,NA,Raw Sequencing Data,fastq.gz,Raw Reads,Illumina,NA,NA,NA,Unknown,NA,NA,Unknown
165,BCM,39_S34_L005_R1_001.fastq.gz,24490,BCM-0111,111,NA,BCM-0111,PDX,WES,Female,1,SureSelect Human All Exon V6,NA,PDXNet,Yes,Controlled,NA,Raw Sequencing Data,fastq.gz,Raw Reads,Illumina,NA,NA,NA,Unknown,NA,NA,Unknown
166,BCM,39_S34_L005_R2_001.fastq.gz,24490,BCM-0111,111,NA,BCM-0111,PDX,WES,Female,2,SureSelect Human All Exon V6,NA,PDXNet,Yes,Controlled,NA,Raw Sequencing Data,fastq.gz,Raw Reads,Illumina,NA,NA,NA,Unknown,NA,NA,Unknown
167,BCM,45_S43_L008_R1_001.fastq.gz,24490,BRA65,NA,NA,BRA65,PDX,WES,NA,1,SureSelect Human All Exon V6,NA,PDXNet,Yes,Controlled,NA,Raw Sequencing Data,fastq.gz,Raw Reads,Illumina,NA,NA,NA,Unknown,NA,NA,Unknown
168,BCM,45_S43_L008_R2_001.fastq.gz,24490,BRA65,NA,NA,BRA65,PDX,WES,NA,2,SureSelect Human All Exon V6,NA,PDXNet,Yes,Controlled,NA,Raw Sequencing Data,fastq.gz,Raw Reads,Illumina,NA,NA,NA,Unknown,NA,NA,Unknown
169,BCM,46_S44_L008_R1_001.fastq.gz,24490,BRA42,NA,NA,BRA42,PDX,WES,NA,1,SureSelect Human All Exon V6,NA,PDXNet,Yes,Controlled,NA,Raw Sequencing Data,fastq.gz,Raw Reads,Illumina,NA,NA,NA,Unknown,NA,NA,Unknown
170,BCM,46_S44_L008_R2_001.fastq.gz,24490,BRA42,NA,NA,BRA42,PDX,WES,NA,2,SureSelect Human All Exon V6,NA,PDXNet,Yes,Controlled,NA,Raw Sequencing Data,fastq.gz,Raw Reads,Illumina,NA,NA,NA,Unknown,NA,NA,Unknown
171,BCM,52_S50_L008_R1_001.fastq.gz,24490,BCM-7563,NA,NA,BCM-7563,PDX,WES,Female,1,SureSelect Human All Exon V6,NA,PDXNet,Yes,Controlled,NA,Raw Sequencing Data,fastq.gz,Raw Reads,Illumina,NA,NA,NA,Breast,NA,NA,Invasive breast carcinoma
172,BCM,52_S50_L008_R2_001.fastq.gz,24490,BCM-7563,NA,NA,BCM-7563,PDX,WES,Female,2,SureSelect Human All Exon V6,NA,PDXNet,Yes,Controlled,NA,Raw Sequencing Data,fastq.gz,Raw Reads,Illumina,NA,NA,NA,Breast,NA,NA,Invasive breast carcinoma
173,BCM,54_S51_L008_R1_001.fastq.gz,24490,FCP699,NA,NA,FCP699,PDX,WES,NA,1,SureSelect Human All Exon V6,NA,PDXNet,Yes,Controlled,NA,Raw Sequencing Data,fastq.gz,Raw Reads,Illumina,NA,NA,NA,Unknown,NA,NA,Unknown
174,BCM,54_S51_L008_R2_001.fastq.gz,24490,FCP699,NA,NA,FCP699,PDX,WES,NA,2,SureSelect Human All Exon V6,NA,PDXNet,Yes,Controlled,NA,Raw Sequencing Data,fastq.gz,Raw Reads,Illumina,NA,NA,NA,Unknown,NA,NA,Unknown
175,BCM,GW-WES-10_S10_L005_R1_001.fastq.gz,24490,MC1,NA,NA,MC1,PDX,WES,NA,1,SureSelect Human All Exon V6,NA,PDXNet,Yes,Controlled,NA,Raw Sequencing Data,fastq.gz,Raw Reads,Illumina,NA,NA,NA,Unknown,NA,NA,Unknown
176,BCM,GW-WES-10_S10_L005_R2_001.fastq.gz,24490,MC1,NA,NA,MC1,PDX,WES,NA,2,SureSelect Human All Exon V6,NA,PDXNet,Yes,Controlled,NA,Raw Sequencing Data,fastq.gz,Raw Reads,Illumina,NA,NA,NA,Unknown,NA,NA,Unknown
177,BCM,GW-WES-24_S48_L006_R1_001.fastq.gz,24490,BCM-0047,NA,NA,BCM-0047,PDX,WES,NA,1,SureSelect Human All Exon V6,NA,PDXNet,Yes,Controlled,NA,Raw Sequencing Data,fastq.gz,Raw Reads,Illumina,NA,NA,NA,Unknown,NA,NA,Unknown
178,BCM,GW-WES-24_S48_L006_R2_001.fastq.gz,24490,BCM-0047,NA,NA,BCM-0047,PDX,WES,NA,2,SureSelect Human All Exon V6,NA,PDXNet,Yes,Controlled,NA,Raw Sequencing Data,fastq.gz,Raw Reads,Illumina,NA,NA,NA,Unknown,NA,NA,Unknown
179,BCM,GW-WES-56_S18_L002_R1_001.fastq.gz,24490,BCM-3807,NA,NA,BCM-3807,PDX,WES,NA,1,SureSelect Human All Exon V6,NA,PDXNet,Yes,Controlled,NA,Raw Sequencing Data,fastq.gz,Raw Reads,Illumina,NA,NA,NA,Unknown,NA,NA,Unknown
180,BCM,GW-WES-56_S18_L002_R2_001.fastq.gz,24490,BCM-3807,NA,NA,BCM-3807,PDX,WES,NA,2,SureSelect Human All Exon V6,NA,PDXNet,Yes,Controlled,NA,Raw Sequencing Data,fastq.gz,Raw Reads,Illumina,NA,NA,NA,Unknown,NA,NA,Unknown
181,BCM,GW-WES-9_S9_L005_R1_001.fastq.gz,24490,MDA-IBC3,NA,NA,MDA-IBC3,PDX,WES,NA,1,SureSelect Human All Exon V6,NA,PDXNet,Yes,Controlled,NA,Raw Sequencing Data,fastq.gz,Raw Reads,Illumina,NA,NA,NA,Unknown,NA,NA,Unknown
182,BCM,GW-WES-9_S9_L005_R2_001.fastq.gz,24490,MDA-IBC3,NA,NA,MDA-IBC3,PDX,WES,NA,2,SureSelect Human All Exon V6,NA,PDXNet,Yes,Controlled,NA,Raw Sequencing Data,fastq.gz,Raw Reads,Illumina,NA,NA,NA,Unknown,NA,NA,Unknown
183,BCM,ML-14993-15008-TG5_S1_L00X_R1_001.fastq.gz,25272,BCM-15008,15008,NA,BCM-15008,PDX,RNA-Seq,Female,1,NA,NA,PDXNet,Yes,Controlled,NA,Raw Sequencing Data,fastq.gz,Raw Reads,Illumina,NA,NA,NA,Breast,NA,NA,Invasive breast carcinoma
184,BCM,ML-14993-15008-TG5_S1_L00X_R2_001.fastq.gz,25272,BCM-15008,15008,NA,BCM-15008,PDX,RNA-Seq,Female,2,NA,NA,PDXNet,Yes,Controlled,NA,Raw Sequencing Data,fastq.gz,Raw Reads,Illumina,NA,NA,NA,Breast,NA,NA,Invasive breast carcinoma
185,BCM,ML-14995-15030-TG1_S2_L00X_R1_001.fastq.gz,32323,BCM-15030,15030,NA,BCM-15030,PDX,RNA-Seq,NA,1,NA,NA,PDXNet,Yes,Controlled,NA,Raw Sequencing Data,fastq.gz,Raw Reads,Illumina,NA,NA,NA,Unknown,NA,NA,Unknown
186,BCM,ML-14995-15030-TG1_S2_L00X_R2_001.fastq.gz,32323,BCM-15030,15030,NA,BCM-15030,PDX,RNA-Seq,NA,2,NA,NA,PDXNet,Yes,Controlled,NA,Raw Sequencing Data,fastq.gz,Raw Reads,Illumina,NA,NA,NA,Unknown,NA,NA,Unknown
187,BCM,ML-14997-15046-TG2_S3_L00X_R1_001.fastq.gz,13611,BCM-15046,15046,NA,BCM-15046,PDX,RNA-Seq,Female,1,NA,NA,PDXNet,Yes,Controlled,NA,Raw Sequencing Data,fastq.gz,Raw Reads,Illumina,NA,NA,NA,Breast,NA,NA,Invasive breast carcinoma
188,BCM,ML-14997-15046-TG2_S3_L00X_R2_001.fastq.gz,13611,BCM-15046,15046,NA,BCM-15046,PDX,RNA-Seq,Female,2,NA,NA,PDXNet,Yes,Controlled,NA,Raw Sequencing Data,fastq.gz,Raw Reads,Illumina,NA,NA,NA,Breast,NA,NA,Invasive breast carcinoma
189,BCM,ML-14998-15051-TG5_S4_L00X_R1_001.fastq.gz,35624,BCM-15051,15051,NA,BCM-15051,PDX,RNA-Seq,Female,1,NA,NA,PDXNet,Yes,Controlled,NA,Raw Sequencing Data,fastq.gz,Raw Reads,Illumina,NA,NA,NA,Breast,NA,NA,Invasive breast carcinoma
190,BCM,ML-14998-15051-TG5_S4_L00X_R2_001.fastq.gz,35624,BCM-15051,15051,NA,BCM-15051,PDX,RNA-Seq,Female,2,NA,NA,PDXNet,Yes,Controlled,NA,Raw Sequencing Data,fastq.gz,Raw Reads,Illumina,NA,NA,NA,Breast,NA,NA,Invasive breast carcinoma
191,BCM,ML-14999-2277-TG5_S5_L00X_R1_001.fastq.gz,24455,BCM-2277,2277,NA,BCM-2277,PDX,RNA-Seq,Female,1,NA,NA,PDXNet,Yes,Controlled,NA,Raw Sequencing Data,fastq.gz,Raw Reads,Illumina,NA,NA,NA,Breast,NA,NA,Invasive breast carcinoma
192,BCM,ML-14999-2277-TG5_S5_L00X_R2_001.fastq.gz,24455,BCM-2277,2277,NA,BCM-2277,PDX,RNA-Seq,Female,2,NA,NA,PDXNet,Yes,Controlled,NA,Raw Sequencing Data,fastq.gz,Raw Reads,Illumina,NA,NA,NA,Breast,NA,NA,Invasive breast carcinoma
193,BCM,ML-15001-3472-TG1_S6_L00X_R1_001.fastq.gz,24458,BCM-3472,3472,NA,BCM-3472,PDX,RNA-Seq,NA,1,NA,NA,PDXNet,Yes,Controlled,NA,Raw Sequencing Data,fastq.gz,Raw Reads,Illumina,NA,NA,NA,Unknown,NA,NA,Unknown
194,BCM,ML-15001-3472-TG1_S6_L00X_R2_001.fastq.gz,24458,BCM-3472,3472,NA,BCM-3472,PDX,RNA-Seq,NA,2,NA,NA,PDXNet,Yes,Controlled,NA,Raw Sequencing Data,fastq.gz,Raw Reads,Illumina,NA,NA,NA,Unknown,NA,NA,Unknown
195,BCM,ML-15002-4169-TG5_S7_L00X_R1_001.fastq.gz,666,BCM-4169,4169,NA,BCM-4169,PDX,RNA-Seq,Female,1,NA,NA,PDXNet,Yes,Controlled,NA,Raw Sequencing Data,fastq.gz,Raw Reads,Illumina,NA,NA,NA,Breast,NA,NA,Invasive breast carcinoma
196,BCM,ML-15002-4169-TG5_S7_L00X_R2_001.fastq.gz,666,BCM-4169,4169,NA,BCM-4169,PDX,RNA-Seq,Female,2,NA,NA,PDXNet,Yes,Controlled,NA,Raw Sequencing Data,fastq.gz,Raw Reads,Illumina,NA,NA,NA,Breast,NA,NA,Invasive breast carcinoma
197,BCM,ML-15003-4849-TG6_S8_L00X_R1_001.fastq.gz,24477,BCM-4849,4849,NA,BCM-4849,PDX,RNA-Seq,Female,1,NA,NA,PDXNet,Yes,Controlled,NA,Raw Sequencing Data,fastq.gz,Raw Reads,Illumina,NA,NA,NA,Breast,NA,NA,Invasive breast carcinoma
198,BCM,ML-15003-4849-TG6_S8_L00X_R2_001.fastq.gz,24477,BCM-4849,4849,NA,BCM-4849,PDX,RNA-Seq,Female,2,NA,NA,PDXNet,Yes,Controlled,NA,Raw Sequencing Data,fastq.gz,Raw Reads,Illumina,NA,NA,NA,Breast,NA,NA,Invasive breast carcinoma
199,BCM,ML-15004-5438-TG3_S9_L00X_R1_001.fastq.gz,24483,BCM-5438,5438,NA,BCM-5438,PDX,RNA-Seq,Female,1,NA,NA,PDXNet,Yes,Controlled,NA,Raw Sequencing Data,fastq.gz,Raw Reads,Illumina,NA,NA,NA,Breast,NA,NA,Invasive breast carcinoma
200,BCM,ML-15004-5438-TG3_S9_L00X_R2_001.fastq.gz,24483,BCM-5438,5438,NA,BCM-5438,PDX,RNA-Seq,Female,2,NA,NA,PDXNet,Yes,Controlled,NA,Raw Sequencing Data,fastq.gz,Raw Reads,Illumina,NA,NA,NA,Breast,NA,NA,Invasive breast carcinoma
201,BCM,ML-15005-15057-TG1_S10_L00X_R1_001.fastq.gz,NA,BCM-15057,15057,NA,BCM-15057,PDX,RNA-Seq,Female,1,NA,NA,PDXNet,Yes,Controlled,NA,Raw Sequencing Data,fastq.gz,Raw Reads,Illumina,NA,NA,NA,Breast,NA,NA,Invasive breast carcinoma
202,BCM,ML-15005-15057-TG1_S10_L00X_R2_001.fastq.gz,NA,BCM-15057,15057,NA,BCM-15057,PDX,RNA-Seq,Female,2,NA,NA,PDXNet,Yes,Controlled,NA,Raw Sequencing Data,fastq.gz,Raw Reads,Illumina,NA,NA,NA,Breast,NA,NA,Invasive breast carcinoma
203,BCM,ML-15324-15029-TG3_S19_L00X_R1_001.fastq.gz,32158,BCM-15029,15029,NA,BCM-15029,PDX,RNA-Seq,Female,1,NA,NA,PDXNet,Yes,Controlled,NA,Raw Sequencing Data,fastq.gz,Raw Reads,Illumina,NA,NA,NA,Breast,NA,NA,Invasive breast carcinoma
204,BCM,ML-15324-15029-TG3_S19_L00X_R2_001.fastq.gz,32158,BCM-15029,15029,NA,BCM-15029,PDX,RNA-Seq,Female,2,NA,NA,PDXNet,Yes,Controlled,NA,Raw Sequencing Data,fastq.gz,Raw Reads,Illumina,NA,NA,NA,Breast,NA,NA,Invasive breast carcinoma
205,BCM,ML-15325-15034-TG2_S20_L00X_R1_001.fastq.gz,33355,BCM-15034,15034,NA,BCM-15034,PDX,RNA-Seq,Female,1,NA,NA,PDXNet,Yes,Controlled,NA,Raw Sequencing Data,fastq.gz,Raw Reads,Illumina,NA,NA,NA,Breast,NA,NA,Invasive breast carcinoma
206,BCM,ML-15325-15034-TG2_S20_L00X_R2_001.fastq.gz,33355,BCM-15034,15034,NA,BCM-15034,PDX,RNA-Seq,Female,2,NA,NA,PDXNet,Yes,Controlled,NA,Raw Sequencing Data,fastq.gz,Raw Reads,Illumina,NA,NA,NA,Breast,NA,NA,Invasive breast carcinoma
207,BCM,ML-15326-3104-TG4_S21_L00X_R1_001.fastq.gz,24458,BCM-3104,3104,NA,BCM-3104,PDX,RNA-Seq,NA,1,NA,NA,PDXNet,Yes,Controlled,NA,Raw Sequencing Data,fastq.gz,Raw Reads,Illumina,NA,NA,NA,Unknown,NA,NA,Unknown
208,BCM,ML-15326-3104-TG4_S21_L00X_R2_001.fastq.gz,24458,BCM-3104,3104,NA,BCM-3104,PDX,RNA-Seq,NA,2,NA,NA,PDXNet,Yes,Controlled,NA,Raw Sequencing Data,fastq.gz,Raw Reads,Illumina,NA,NA,NA,Unknown,NA,NA,Unknown
