id,SAMPLE_ID,FILENAME,ALT_SAMLE_ID,DATA_FROMAT,SAMPLE_TYPE,PASSAGE,SUBJECT_ID,EXPERIMENTAL_STRATEGY,PAIRED_END,CAPTURE_KIT,PLATFORM,FILESIZE,CHECKSUM,,
5d5ffcfce4b011b5291791ca,HCI001_pdx_P3_XXX_WXS_10960X1,10960X1_HCI-001_PDXtumor_P3_file1.txt.gz,10960X1,1,2,3,HCI-001,1,1,2,1,,,,
5d5ffcfce4b011b5291791b9,HCI001_pdx_P3_XXX_WXS_10960X1,10960X1_HCI-001_PDXtumor_P3_file2.txt.gz,10960X1,1,2,3,HCI-001,1,2,2,1,,,,
5d5ffcfce4b011b52917927f,HCI007_pdx_P3_XXX_WXS_10960X10,10960X10_HCI-007_PDXtumor_P3_file1.txt.gz,10960X10,1,2,3,HCI-007,1,1,2,1,,,,
5d5ffcfce4b011b5291791b6,HCI007_pdx_P3_XXX_WXS_10960X10,10960X10_HCI-007_PDXtumor_P3_file2.txt.gz,10960X10,1,2,3,HCI-007,1,2,2,1,,,,
5d5ffcfce4b011b5291791b3,HCI008_pdx_P4_XXX_WXS_10960X11,10960X11_HCI-008_PDXtumor_P4_file1.txt.gz,10960X11,1,2,4,HCI-008,1,1,2,1,,,,
5d5ffcfce4b011b5291791d8,HCI008_pdx_P4_XXX_WXS_10960X11,10960X11_HCI-008_PDXtumor_P4_file2.txt.gz,10960X11,1,2,4,HCI-008,1,2,2,1,,,,
5d5ffcfce4b011b5291791b1,HCI009_pdx_P3_XXX_WXS_10960X12,10960X12_HCI-009_PDXtumor_P3_file1.txt.gz,10960X12,1,2,3,HCI-009,1,1,2,1,,,,
5d5ffcfce4b011b5291791a7,HCI009_pdx_P3_XXX_WXS_10960X12,10960X12_HCI-009_PDXtumor_P3_file2.txt.gz,10960X12,1,2,3,HCI-009,1,2,2,1,,,,
5d5ffcfce4b011b5291791ae,HCI010_pdx_P3_XXX_WXS_10960X14,10960X14_HCI-010_PDXtumor_P3_file1.txt.gz,10960X14,1,2,3,HCI-010,1,1,2,1,,,,1
5d5ffcfce4b011b5291791aa,HCI010_pdx_P3_XXX_WXS_10960X14,10960X14_HCI-010_PDXtumor_P3_file2.txt.gz,10960X14,1,2,3,HCI-010,1,2,2,1,,,,2
5d5ffcfce4b011b52917924e,HCI011_pdx_P3_XXX_WXS_10960X15,10960X15_HCI011_PDXtumor_P3_1.txt.gz,10960X15,1,2,3,HCI-011,1,1,1,1,,,,3
5d5ffcfce4b011b52917925d,HCI011_pdx_P3_XXX_WXS_10960X15,10960X15_HCI011_PDXtumor_P3_2.txt.gz,10960X15,1,2,3,HCI-011,1,2,1,1,,,,
5d5ffcfce4b011b529179261,HCI012_pdx_P4_XXX_WXS_10960X16,10960X16_HCI012_PDXtumor_P4_1.txt.gz,10960X16,1,2,4,HCI-012,1,1,1,1,,,,
5d5ffcfce4b011b52917924d,HCI012_pdx_P4_XXX_WXS_10960X16,10960X16_HCI012_PDXtumor_P4_2.txt.gz,10960X16,1,2,4,HCI-012,1,2,1,1,,,,1
5d5ffcfce4b011b5291791ac,HCI013_pdx_P3_XXX_WXS_10960X17,10960X17_HCI013_PDXtumor_P3_1.txt.gz,10960X17,1,2,3,HCI-013,1,1,1,1,,,,2
5d5ffcfce4b011b5291791ad,HCI013_pdx_P3_XXX_WXS_10960X17,10960X17_HCI013_PDXtumor_P3_2.txt.gz,10960X17,1,2,3,HCI-013,1,2,1,1,,,,
5d5ffcfce4b011b529179183,HCI015_pdx_P3_XXX_WXS_10960X18,10960X18_HCI015_PDXtumor_P3_1.txt.gz,10960X18,1,2,3,HCI-015,1,1,1,1,,,,
5d5ffcfce4b011b5291791ab,HCI015_pdx_P3_XXX_WXS_10960X18,10960X18_HCI015_PDXtumor_P3_2.txt.gz,10960X18,1,2,3,HCI-015,1,2,1,1,,,,1
5d5ffcfce4b011b5291791b8,HCI017_pdx_P2_XXX_WXS_10960X19,10960X19_HCI016_PDXtumor_P2_1.txt.gz,10960X19,1,2,2,HCI-016,1,1,1,1,,,,2
5d5ffcfce4b011b5291791d2,HCI017_pdx_P2_XXX_WXS_10960X19,10960X19_HCI016_PDXtumor_P2_2.txt.gz,10960X19,1,2,2,HCI-016,1,2,1,1,,,,3
5d5ffcfce4b011b529179234,HCI001_pdx_P7_XXX_WXS_10960X2,10960X2_HCI-001_PDXtumor_P7_file1.txt.gz,10960X2,1,2,7,HCI-001,1,1,2,1,,,,4
5d5ffcfce4b011b529179243,HCI001_pdx_P7_XXX_WXS_10960X2,10960X2_HCI-001_PDXtumor_P7_file2.txt.gz,10960X2,1,2,7,HCI-001,1,2,2,1,,,,5
5d5ffcfce4b011b52917924b,HCI016_pdx_P2_XXX_WXS_10960X20,10960X20_HCI017_PDXtumor_P2_1.txt.gz,10960X20,1,2,2,HCI-017,1,1,1,1,,,,
5d5ffcfce4b011b529179238,HCI016_pdx_P2_XXX_WXS_10960X20,10960X20_HCI017_PDXtumor_P2_2.txt.gz,10960X20,1,2,2,HCI-017,1,2,1,1,,,,1
5d5ffcfce4b011b529179248,HCI018_pdx_P2_XXX_WXS_10960X21,10960X21_HCI018_PDXtumor_P2_1.txt.gz,10960X21,1,2,2,HCI-018,1,1,1,1,,,,2
5d5ffcfce4b011b529179257,HCI018_pdx_P2_XXX_WXS_10960X21,10960X21_HCI018_PDXtumor_P2_2.txt.gz,10960X21,1,2,2,HCI-018,1,2,1,1,,,,
5d5ffcfce4b011b5291791bf,HCI019_pdx_P2_XXX_WXS_10960X22,10960X22_HCI019_PDXtumor_P2_1.txt.gz,10960X22,1,2,2,HCI-019,1,1,1,1,,,,
5d5ffcfce4b011b529179184,HCI019_pdx_P2_XXX_WXS_10960X22,10960X22_HCI019_PDXtumor_P2_2.txt.gz,10960X22,1,2,2,HCI-019,1,2,1,1,,,,
5d5ffcfce4b011b5291791bb,HCI002_pdx_P3_XXX_WXS_10960X3,10960X3_HCI-002_PDXtumor_P3_file1.txt.gz,10960X3,1,2,3,HCI-002,1,1,2,1,,,,
5d5ffcfce4b011b5291791bc,HCI002_pdx_P3_XXX_WXS_10960X3,10960X3_HCI-002_PDXtumor_P3_file2.txt.gz,10960X3,1,2,3,HCI-002,1,2,2,1,,,,
5d5ffcfce4b011b5291791ce,HCI003_pdx_P3_XXX_WXS_10960X5,10960X5_HCI-003_PDXtumor_P3_file1.txt.gz,10960X5,1,2,3,HCI-003,1,1,2,1,,,,
5d5ffcfce4b011b52917923f,HCI003_pdx_P3_XXX_WXS_10960X5,10960X5_HCI-003_PDXtumor_P3_file2.txt.gz,10960X5,1,2,3,HCI-003,1,2,2,1,,,,
5d5ffcfce4b011b52917923c,HCI004_pdx_P3_XXX_WXS_10960X7,10960X7_HCI-004_PDXtumor_P3_file1.txt.gz,10960X7,1,2,3,HCI-004,1,1,2,1,,,,
5d5ffcfce4b011b52917921c,HCI004_pdx_P3_XXX_WXS_10960X7,10960X7_HCI-004_PDXtumor_P3_file2.txt.gz,10960X7,1,2,3,HCI-004,1,2,2,1,,,,
5d5ffcfce4b011b529179226,HCI005_pdx_P3_XXX_WXS_10960X8,10960X8_HCI-005_PDXtumor_P3_file1.txt.gz,10960X8,1,2,3,HCI-005,1,1,2,1,,,,
5d5ffcfce4b011b5291791d0,HCI005_pdx_P3_XXX_WXS_10960X8,10960X8_HCI-005_PDXtumor_P3_file2.txt.gz,10960X8,1,2,3,HCI-005,1,2,2,1,,,,
5d5ffcfce4b011b52917921f,HCI006_pdx_P3_XXX_WXS_10960X9,10960X9_HCI-006_PDXtumor_P3_file1.txt.gz,10960X9,1,2,3,HCI-006,1,1,2,1,,,,
5d5ffcfce4b011b5291791cf,HCI006_pdx_P3_XXX_WXS_10960X9,10960X9_HCI-006_PDXtumor_P3_file2.txt.gz,10960X9,1,2,3,HCI-006,1,2,2,1,,,,
5d5ffdb4e4b09cae76807b48,HCI001_pdx_P3_XXX_RNA_10962X1,10962X1_HCI001_PDXtumor_P3_1.txt.gz,10962X1,1,2,3,HCI-001,2,1,4,1,,,,
5d5ffdb4e4b09cae76807ad7,HCI001_pdx_P3_XXX_RNA_10962X1,10962X1_HCI001_PDXtumor_P3_2.txt.gz,10962X1,1,2,3,HCI-001,2,2,4,1,,,,
5d5ffdb4e4b09cae76807970,HCI007_pdx_P3_XXX_RNA_10962X10,10962X10_HCI007_PDXtumor_P3_1.txt.gz,10962X10,1,2,3,HCI-007,2,1,4,1,,,,
5d5ffdb4e4b09cae76807a5f,HCI007_pdx_P3_XXX_RNA_10962X10,10962X10_HCI007_PDXtumor_P3_2.txt.gz,10962X10,1,2,3,HCI-007,2,2,4,1,,,,
5d5ffdb4e4b09cae76807a66,HCI008_pdx_P4_XXX_RNA_10962X11,10962X11_HCI008_PDXtumor_P4_1.txt.gz,10962X11,1,2,4,HCI-008,2,1,4,1,,,,
5d5ffdb4e4b09cae76807a6a,HCI008_pdx_P4_XXX_RNA_10962X11,10962X11_HCI008_PDXtumor_P4_2.txt.gz,10962X11,1,2,4,HCI-008,2,2,4,1,,,,
5d5ffdb4e4b09cae76807a54,HCI009_pdx_P3_XXX_RNA_10962X12,10962X12_HCI009_PDXtumor_P3_1.txt.gz,10962X12,1,2,3,HCI-009,2,1,4,1,,,,
5d5ffdb4e4b09cae76807a57,HCI009_pdx_P3_XXX_RNA_10962X12,10962X12_HCI009_PDXtumor_P3_2.txt.gz,10962X12,1,2,3,HCI-009,2,2,4,1,,,,
5d5ffdb4e4b09cae76807aea,HCI010_pdx_P3_XXX_RNA_10962X14,10962X14_HCI010_PDXtumor_P3_1.txt.gz,10962X14,1,2,3,HCI-010,2,1,4,1,,,,
5d5ffdb4e4b09cae76807962,HCI010_pdx_P3_XXX_RNA_10962X14,10962X14_HCI010_PDXtumor_P3_2.txt.gz,10962X14,1,2,3,HCI-010,2,2,4,1,,,,
5d5ffdb4e4b09cae76807ae4,HCI011_pdx_P3_XXX_RNA_10962X15,10962X15_HCI011_PDXtumor_P3_1.txt.gz,10962X15,1,2,3,HCI-011,2,1,4,1,,,,
5d5ffdb4e4b09cae76807ae2,HCI011_pdx_P3_XXX_RNA_10962X15,10962X15_HCI011_PDXtumor_P3_2.txt.gz,10962X15,1,2,3,HCI-011,2,2,4,1,,,,
5d5ffdb4e4b09cae76807ae0,HCI012_pdx_P4_XXX_RNA_10962X16,10962X16_HCI012_PDXtumor_P4_1.txt.gz,10962X16,1,2,4,HCI-012,2,1,4,1,,,,
5d5ffdb4e4b09cae76807ade,HCI012_pdx_P4_XXX_RNA_10962X16,10962X16_HCI012_PDXtumor_P4_2.txt.gz,10962X16,1,2,4,HCI-012,2,2,4,1,,,,
5d5ffdb4e4b09cae76807adb,HCI013_pdx_P3_XXX_RNA_10962X17,10962X17_HCI013_PDXtumor_P3_1.txt.gz,10962X17,1,2,3,HCI-013,2,1,4,1,,,,
5d5ffdb4e4b09cae76807a69,HCI013_pdx_P3_XXX_RNA_10962X17,10962X17_HCI013_PDXtumor_P3_2.txt.gz,10962X17,1,2,3,HCI-013,2,2,4,1,,,,
5d5ffdb4e4b09cae76807ae5,HCI015_pdx_P3_XXX_RNA_10962X18,10962X18_HCI015_PDXtumor_P3_1.txt.gz,10962X18,1,2,3,HCI-015,2,1,4,1,,,,
5d5ffdb4e4b09cae76807ae1,HCI015_pdx_P3_XXX_RNA_10962X18,10962X18_HCI015_PDXtumor_P3_2.txt.gz,10962X18,1,2,3,HCI-015,2,2,4,1,,,,
5d5ffdb4e4b09cae76807adc,HCI017_pdx_P2_XXX_RNA_10962X19,10962X19_HCI016_PDXtumor_P2_1.txt.gz,10962X19,1,2,2,HCI-016,2,1,4,1,,,,
5d5ffdb4e4b09cae76807ad8,HCI017_pdx_P2_XXX_RNA_10962X19,10962X19_HCI016_PDXtumor_P2_2.txt.gz,10962X19,1,2,2,HCI-016,2,2,4,1,,,,
5d5ffdb4e4b09cae76807ac0,HCI001_pdx_P7_XXX_RNA_10962X2,10962X2_HCI001_PDXtumor_P7_1.txt.gz,10962X2,1,2,7,HCI-001,2,1,4,1,,,,
5d5ffdb4e4b09cae76807ac4,HCI001_pdx_P7_XXX_RNA_10962X2,10962X2_HCI001_PDXtumor_P7_2.txt.gz,10962X2,1,2,7,HCI-001,2,2,4,1,,,,
5d5ffdb4e4b09cae76807ad9,HCI016_pdx_P2_XXX_RNA_10962X20,10962X20_HCI017_PDXtumor_P2_1.txt.gz,10962X20,1,2,2,HCI-017,2,1,4,1,,,,
5d5ffdb4e4b09cae76807add,HCI016_pdx_P2_XXX_RNA_10962X20,10962X20_HCI017_PDXtumor_P2_2.txt.gz,10962X20,1,2,2,HCI-017,2,2,4,1,,,,
5d5ffdb4e4b09cae76807ad2,HCI018_pdx_P2_XXX_RNA_10962X21,10962X21_HCI018_PDXtumor_P2_1.txt.gz,10962X21,1,2,2,HCI-018,2,1,4,1,,,,
5d5ffdb4e4b09cae76807ad0,HCI018_pdx_P2_XXX_RNA_10962X21,10962X21_HCI018_PDXtumor_P2_2.txt.gz,10962X21,1,2,2,HCI-018,2,2,4,1,,,,
5d5ffdb4e4b09cae76807ad3,HCI019_pdx_P2_XXX_RNA_10962X22,10962X22_HCI019_PDXtumor_P2_1.txt.gz,10962X22,1,2,2,HCI-019,2,1,4,1,,,,
5d5ffdb4e4b09cae76807ac7,HCI019_pdx_P2_XXX_RNA_10962X22,10962X22_HCI019_PDXtumor_P2_2.txt.gz,10962X22,1,2,2,HCI-019,2,2,4,1,,,,
5d5ffdb4e4b09cae76807acd,HCI002_pdx_P7_XXX_RNA_10962X3,10962X3_HCI002_PDXtumor_P7_1.txt.gz,10962X3,1,2,7,HCI-002,2,1,4,1,,,,
5d5ffdb4e4b09cae76807acb,HCI002_pdx_P7_XXX_RNA_10962X3,10962X3_HCI002_PDXtumor_P7_2.txt.gz,10962X3,1,2,7,HCI-002,2,2,4,1,,,,
5d5ffdb4e4b09cae76807ab8,HCI002_pdx_P3_XXX_RNA_10962X4,10962X4_HCI002_PDXtumor_P3_1.txt.gz,10962X4,1,2,3,HCI-002,2,1,4,1,,,,
5d5ffdb4e4b09cae76807a5c,HCI002_pdx_P3_XXX_RNA_10962X4,10962X4_HCI002_PDXtumor_P3_2.txt.gz,10962X4,1,2,3,HCI-002,2,2,4,1,,,,
5d5ffdb4e4b09cae76807a6d,HCI003_pdx_P3_XXX_RNA_10962X5,10962X5_HCI003_PDXtumor_P3_1.txt.gz,10962X5,1,2,3,HCI-003,2,1,4,1,,,,
5d5ffdb4e4b09cae76807a68,HCI003_pdx_P3_XXX_RNA_10962X5,10962X5_HCI003_PDXtumor_P3_2.txt.gz,10962X5,1,2,3,HCI-003,2,2,4,1,,,,
5d5ffdb4e4b09cae76807abb,HCI004_pdx_P3_XXX_RNA_10962X7,10962X7_HCI004_PDXtumor_P3_1.txt.gz,10962X7,1,2,3,HCI-004,2,1,4,1,,,,
5d5ffdb4e4b09cae76807ac3,HCI004_pdx_P3_XXX_RNA_10962X7,10962X7_HCI004_PDXtumor_P3_2.txt.gz,10962X7,1,2,3,HCI-004,2,2,4,1,,,,
5d5ffdb4e4b09cae76807ac9,HCI005_pdx_P3_XXX_RNA_10962X8,10962X8_HCI005_PDXtumor_P3_1.txt.gz,10962X8,1,2,3,HCI-005,2,1,4,1,,,,
5d5ffdb4e4b09cae76807aa6,HCI005_pdx_P3_XXX_RNA_10962X8,10962X8_HCI005_PDXtumor_P3_2.txt.gz,10962X8,1,2,3,HCI-005,2,2,4,1,,,,
5d5ffdb4e4b09cae76807aba,HCI006_pdx_P3_XXX_RNA_10962X9,10962X9_HCI006_PDXtumor_P3_1.txt.gz,10962X9,1,2,3,HCI-006,2,1,4,1,,,,
5d5ffdb4e4b09cae76807a7b,HCI006_pdx_P3_XXX_RNA_10962X9,10962X9_HCI006_PDXtumor_P3_2.txt.gz,10962X9,1,2,3,HCI-006,2,2,4,1,,,,
5d5ffdb4e4b09cae768078cf,HCI019_tumor_patient_XXX_RNA_13575X7,13575X7_HCI019_patienttumor_2.txt.gz,13575X7,1,1,NA,HCI-019,2,1,4,1,,,,
5d5ffcfce4b011b529179063,HCI005_tumor_patient_XXX_WXS_14238X2,14238X2_HCI-005_Patient_tumor_file1.txt.gz,14238X2,1,1,NA,HCI-005,1,1,1,1,,,,
5d5ffcfce4b011b529179064,HCI005_tumor_patient_XXX_WXS_14238X2,14238X2_HCI-005_Patient_tumor_file2.txt.gz,14238X2,1,1,NA,HCI-005,1,2,1,1,,,,
5d5ffdb4e4b09cae76807aa9,HCI024_pdx_PX_XXX_RNA_14308X3,14308X3_HCI024_PDXtumor_7.txt.gz,14308X3,1,2,NA,HCI-024,2,1,5,1,,,,
5d5ffcfce4b011b5291791cd,HCI002_pdx_P7_XXX_WXS_14518X2,14518X2_HCI002_PDXtumor_P7_1.txt.gz,14518X2,1,2,7,HCI-002,1,1,1,1,,,,
5d5ffcfce4b011b5291791d4,HCI002_pdx_P7_XXX_WXS_14518X2,14518X2_HCI002_PDXtumor_P7_2.txt.gz,14518X2,1,2,7,HCI-002,1,2,1,1,,,,
5d5ffcfce4b011b529178f12,HCI001_pdxo_p5_60_WXS_14518X4,14518X4_HCI001_PDxO_P5_day60_1.txt.gz,14518X4,1,2,5,HCI-001,1,1,1,1,,,,
5d5ffcfce4b011b529178f68,HCI001_pdxo_p5_60_WXS_14518X4,14518X4_HCI001_PDxO_P5_day60_2.txt.gz,14518X4,1,2,5,HCI-001,1,2,1,1,,,,
5d5ffcfce4b011b529178f32,HCI002_pdxo_p7_60_WXS_14518X5,14518X5_HCI002_PDxO_P7_day60_1.txt.gz,14518X5,1,2,7,HCI-002,1,1,1,1,,,,
5d5ffcfce4b011b529178f20,HCI002_pdxo_p7_60_WXS_14518X5,14518X5_HCI002_PDxO_P7_day60_2.txt.gz,14518X5,1,2,7,HCI-002,1,2,1,1,,,,
5d5ffcfce4b011b529178f56,HCI010_pdxo_p6_60_WXS_14518X6,14518X6_HCI010_PDxO_P6_day60_1.txt.gz,14518X6,1,2,6,HCI-010,1,1,1,1,,,,
5d5ffcfce4b011b529178f35,HCI010_pdxo_p6_60_WXS_14518X6,14518X6_HCI010_PDxO_P6_day60_2.txt.gz,14518X6,1,2,6,HCI-010,1,2,1,1,,,,
5d5ffdb4e4b09cae76807987,HCI002_pdxo_P7_60_RNA_14762X11,14762X11_HCI002_PDxO_P7_d60_5.txt.gz,14762X11,1,2,7,HCI-002,2,1,4,1,,,,
5d5ffdb4e4b09cae76807a99,HCI010_pdx_P5_XXX_RNA_14762X14,14762X14_HCI010_PDXtumor___5.txt.gz,14762X14,1,2,5,HCI-010,2,1,4,1,,,,
5d5ffdb4e4b09cae7680798d,HCI010_pdxo_P6_120_RNA_14762X16,14762X16_HCI010_PDxO_P6_day120_3.txt.gz,14762X16,1,2,6,HCI-010,2,1,4,1,,,,
5d5ffcfce4b011b529178f57,HCI001_pdxo_p5_365_WXS_14868X1,14868X1_HCI001_PDxO_P5_day365_1.txt.gz,14868X1,1,2,5,HCI-001,1,1,1,1,,,,
5d5ffcfce4b011b529178f4e,HCI001_pdxo_p5_365_WXS_14868X1,14868X1_HCI001_PDxO_P5_day365_2.txt.gz,14868X1,1,2,5,HCI-001,1,2,1,1,,,,
5d5ffcfce4b011b529178f45,HCI002_pdxo_p7_230_WXS_14868X2,14868X2_HCI002_PDxO_P7_day230_1.txt.gz,14868X2,1,2,7,HCI-002,1,1,1,1,,,,
5d5ffcfce4b011b529178f4b,HCI002_pdxo_p7_230_WXS_14868X2,14868X2_HCI002_PDxO_P7_day230_2.txt.gz,14868X2,1,2,7,HCI-002,1,2,1,1,,,,
5d5ffcfce4b011b529178f49,HCI010_pdxo_p6_120_WXS_14868X3,14868X3_HCI010_PDxO_P6_day120_1.txt.gz,14868X3,1,2,6,HCI-010,1,1,1,1,,,,
5d5ffcfce4b011b529178f69,HCI010_pdxo_p6_120_WXS_14868X3,14868X3_HCI010_PDxO_P6_day120_2.txt.gz,14868X3,1,2,6,HCI-010,1,2,1,1,,,,
5d5ffcfce4b011b52917921b,HCI010_pdx_P5_XXX_WXS_14868X8,14868X8_HCI010_PDXtumor_P5_1.txt.gz,14868X8,1,2,5,HCI-010,1,1,1,1,,,,
5d5ffcfce4b011b5291791e3,HCI010_pdx_P5_XXX_WXS_14868X8,14868X8_HCI010_PDXtumor_P5_2.txt.gz,14868X8,1,2,5,HCI-010,1,2,1,1,,,,
5d5ffdb4e4b09cae768079cb,HCI001_pdxo_P5_365_RNA_14870X2,14870X2_HCI001_PDxO_P5_day365_6.txt.gz,14870X2,1,2,5,HCI-001,2,1,4,1,,,,
5d5ffdb4e4b09cae76807ada,HCI001_pdxo_P5_365_RNA_14870X2,14870X2_HCI001_PDxO_P5_day365_7.txt.gz,14870X2,1,2,5,HCI-001,2,2,4,1,,,,
5d5ffdb4e4b09cae76807a94,HCI002_pdxo_P7_230_RNA_14870X3,14870X3_HCI002_PDxO_P7_day230_6.txt.gz,14870X3,1,2,7,HCI-002,2,1,4,1,,,,
5d5ffdb4e4b09cae76807a9b,HCI002_pdxo_P7_230_RNA_14870X3,14870X3_HCI002_PDxO_P7_day230_7.txt.gz,14870X3,1,2,7,HCI-002,2,2,4,1,,,,
5d5ffdb4e4b09cae76807ab3,HCI028_pdx_P1_XXX_RNA_14967X10,14967X10_HCI028_PDXtumor_P1_4.txt.gz,14967X10,1,2,1,HCI-028,2,1,4,1,,,,
5d5ffdb4e4b09cae76807a81,HCI013EI_pdx_PX_XXX_RNA_14967X11,14967X11_HCI013EI_PDXtumor_4.txt.gz,14967X11,1,2,NA,HCI-013EI,2,1,4,1,,,,
5d5ffdb4e4b09cae76807a91,HCI030_pdx_P1_XXX_RNA_14967X18,14967X18_HCI030_PDXtumor_P1_6.txt.gz,14967X18,1,2,1,HCI-030,2,1,4,1,,,,
5d5ffdb4e4b09cae7680798e,HCI023_pdx_P0_XXX_RNA_14967X9,14967X9_HCI023_PDXtumor_P0_3.txt.gz,14967X9,1,2,0,HCI-023,2,1,4,1,,,,
5d5ffcfce4b011b529179209,HCI023_pdx_P0_XXX_WXS_14990X19,14990X19_HCI023_PDXtumor_P0_1.txt.gz,14990X19,1,2,0,HCI-023,1,1,1,1,,,,
5d5ffcfce4b011b52917920e,HCI023_pdx_P0_XXX_WXS_14990X19,14990X19_HCI023_PDXtumor_P0_2.txt.gz,14990X19,1,2,0,HCI-023,1,2,1,1,,,,
5d5ffcfce4b011b529179221,HCI030_pdx_P1_XXX_WXS_14990X21,14990X21_HCI028_PDXtumor_P1_1.txt.gz,14990X21,1,2,1,HCI-028,1,1,1,1,,,,
5d5ffcfce4b011b5291791f2,HCI030_pdx_P1_XXX_WXS_14990X21,14990X21_HCI028_PDXtumor_P1_2.txt.gz,14990X21,1,2,1,HCI-028,1,2,1,1,,,,
5d5ffcfce4b011b529179211,HCI013EI_pdx_P2_XXX_WXS_14990X22,14990X22_HCI013EI_PDXtumor_P2_1.txt.gz,14990X22,1,2,2,HCI-013EI,1,1,1,1,,,,
5d5ffcfce4b011b52917913e,HCI013EI_pdx_P2_XXX_WXS_14990X22,14990X22_HCI013EI_PDXtumor_P2_2.txt.gz,14990X22,1,2,2,HCI-013EI,1,2,1,1,,,,
5d5ffcfce4b011b529179206,HCI028_pdx_P1_XXX_WXS_14990X23,14990X23_HCI030_PDXtumor_P1_1.txt.gz,14990X23,1,2,1,HCI-030,1,1,1,1,,,,
5d5ffcfce4b011b52917920d,HCI028_pdx_P1_XXX_WXS_14990X23,14990X23_HCI030_PDXtumor_P1_2.txt.gz,14990X23,1,2,1,HCI-030,1,2,1,1,,,,
5d5ffcfce4b011b529179212,HCI024_pdx_P2_XXX_WXS_14990X24,14990X24_HCI024_PDXtumor_P2_1.txt.gz,14990X24,1,2,2,HCI-024,1,1,1,1,,,,
5d5ffcfce4b011b529179204,HCI024_pdx_P2_XXX_WXS_14990X24,14990X24_HCI024_PDXtumor_P2_2.txt.gz,14990X24,1,2,2,HCI-024,1,2,1,1,,,,
5d5ffcfce4b011b5291790ad,HCI019_tumor_patient_XXX_WXS_14990X9,14990X9_HCI019_patienttumor_1.txt.gz,14990X9,1,1,NA,HCI-019,1,1,1,1,,,,
5d5ffcfce4b011b5291790a7,HCI019_tumor_patient_XXX_WXS_14990X9,14990X9_HCI019_patienttumor_2.txt.gz,14990X9,1,1,NA,HCI-019,1,2,1,1,,,,
5d5ffdb4e4b09cae76807a14,HCI001_pdxo_P5_96_RNA_15246X4,15246X4_HCI001_PDxO_P5_2.txt.gz,15246X4,1,2,5,HCI-001,2,1,4,1,,,,
5d5ffdb4e4b09cae76807aee,HCI010_pdxo_P6_65_RNA_15246X5,15246X5_HCI010_PDxO_P6_2.txt.gz,15246X5,1,2,6,HCI-010,2,1,4,1,,,,
5d5ffdb4e4b09cae76807b1f,HCI014_pdx_P0_XXX_RNA_15301X1,15301X1_HCI014_PDXtumor_P0_2.txt.gz,15301X1,1,2,0,HCI-014,2,1,4,1,,,,
5d5ffdb4e4b09cae76807b07,HCI041_pdx_P0_XXX_RNA_15301X6,15301X6_TOW18S_PDXtumor_P0_3.txt.gz,15301X6,1,2,0,TOW-18S,2,1,4,1,,,,
5d5ffcfce4b011b52917913c,HCI014_pdx_P0_XXX_WXS_15306X5,15306X5_HCI014_PDXtumor_P0_1.txt.gz,15306X5,1,2,0,HCI-014,1,1,1,1,,,,
5d5ffcfce4b011b5291791fd,HCI014_pdx_P0_XXX_WXS_15306X5,15306X5_HCI014_PDXtumor_P0_2.txt.gz,15306X5,1,2,0,HCI-014,1,2,1,1,,,,
5d5ffcfce4b011b529179201,TOW18S_pdx_P0_XXX_WXS_15306X7,15306X7_TOW18S_PDXtumor_P0_1.txt.gz,15306X7,1,2,0,TOW-18S,1,1,1,1,,,,
5d5ffcfce4b011b5291791e5,TOW18S_pdx_P0_XXX_WXS_15306X7,15306X7_TOW18S_PDXtumor_P0_2.txt.gz,15306X7,1,2,0,TOW-18S,1,2,1,1,,,,
5d5ffdb4e4b09cae76807a53,HCI043_pdx_P1_XXX_RNA_15838X1,15838X1_190321_D00550_0554_ACDLRBANXX_S54_L002_R1_001.fastq.gz,15838X1,1,2,1,TOW-19,2,1,4,1,,,,
615dee335dc8036109d2947d,TOW19_pdx_P1_XXX_WXS_15839X1,15839X1_190405_D00550_0558_BCDLGTANXX_S315_L004_R1_001.fastq.gz,15839X1,1,2,1,TOW-19,1,1,1,1,,,,
615dee335dc8036109d2947c,TOW19_pdx_P1_XXX_WXS_15839X1,15839X1_190405_D00550_0558_BCDLGTANXX_S315_L004_R2_001.fastq.gz,15839X1,1,2,1,TOW-19,1,2,1,1,,,,
615dda6f65de4868125986a2,HCI019_pdxo_P3_67_WXS_17544X11,17544X11_191206_D00550_0581_BCE59VANXX_R1_001.fastq.gz,17544X11,1,3,3,HCI-019,1,1,1,1,,,,
615dda6f65de4868125986a5,HCI019_pdxo_P3_67_WXS_17544X11,17544X11_191206_D00550_0581_BCE59VANXX_R2_001.fastq.gz,17544X11,1,3,3,HCI-019,1,2,1,1,,,,
615dda6f65de4868125986a8,HCI019_pdxo_P3_142_WXS_17544X12,17544X12_191206_D00550_0581_BCE59VANXX_R1_001.fastq.gz,17544X12,1,3,3,HCI-019,1,1,1,1,,,,
615dda6f65de4868125986ab,HCI019_pdxo_P3_142_WXS_17544X12,17544X12_191206_D00550_0581_BCE59VANXX_R2_001.fastq.gz,17544X12,1,3,3,HCI-019,1,2,1,1,,,,
615dda6f65de4868125986ae,HCI023_pdxo_P1_68_WXS_17544X13,17544X13_191206_D00550_0581_BCE59VANXX_R1_001.fastq.gz,17544X13,1,3,1,HCI-023,1,1,1,1,,,,
615dda6f65de4868125986b1,HCI023_pdxo_P1_68_WXS_17544X13,17544X13_191206_D00550_0581_BCE59VANXX_R2_001.fastq.gz,17544X13,1,3,1,HCI-023,1,2,1,1,,,,
615dda7065de4868125986b4,HCI023_pdxo_P1_348_WXS_17544X14,17544X14_191206_D00550_0581_BCE59VANXX_R1_001.fastq.gz,17544X14,1,3,1,HCI-023,1,1,1,1,,,,
615dda7065de4868125986b7,HCI023_pdxo_P1_348_WXS_17544X14,17544X14_191206_D00550_0581_BCE59VANXX_R2_001.fastq.gz,17544X14,1,3,1,HCI-023,1,2,1,1,,,,
615dda7065de4868125986ba,HCI002_tumor_patient_redo_WXS_17544X2,17544X2_191206_D00550_0581_BCE59VANXX_R1_001.fastq.gz,17544X2,1,1,NA,HCI-002,1,1,1,1,,,,
615dda7065de4868125986bd,HCI002_tumor_patient_redo_WXS_17544X2,17544X2_191206_D00550_0581_BCE59VANXX_R2_001.fastq.gz,17544X2,1,1,NA,HCI-002,1,2,1,1,,,,
615dda7065de4868125986c0,HCI010_tumor_patient_redo_WXS_17544X3,17544X3_191206_D00550_0581_BCE59VANXX_R1_001.fastq.gz,17544X3,1,1,NA,HCI-010,1,1,1,1,,,,
615dda7065de4868125986c3,HCI010_tumor_patient_redo_WXS_17544X3,17544X3_191206_D00550_0581_BCE59VANXX_R2_001.fastq.gz,17544X3,1,1,NA,HCI-010,1,2,1,1,,,,
615dda7065de4868125986c6,HCI005_pdxo_P6_230_WXS_17544X7,17544X7_191206_D00550_0581_BCE59VANXX_R1_001.fastq.gz,17544X7,1,3,6,HCI-005,1,1,1,1,,,,
615dda7065de4868125986c9,HCI005_pdxo_P6_230_WXS_17544X7,17544X7_191206_D00550_0581_BCE59VANXX_R2_001.fastq.gz,17544X7,1,3,6,HCI-005,1,2,1,1,,,,
615dda7065de4868125986cc,HCI005_pdxo_P6_368_WXS_17544X8,17544X8_191206_D00550_0581_BCE59VANXX_R1_001.fastq.gz,17544X8,1,3,6,HCI-005,1,1,1,1,,,,
615dda7165de4868125986cf,HCI005_pdxo_P6_368_WXS_17544X8,17544X8_191206_D00550_0581_BCE59VANXX_R2_001.fastq.gz,17544X8,1,3,6,HCI-005,1,2,1,1,,,,
615dd5c065de486812597f01,HCI019_pdxo_P2_67_RNA_17679X3,17679X3_200127_D00550_0586_BCE0FPANXX_S25_L007_R1_001.fastq.gz,17679X3,1,3,2,HCI-019,2,1,4,1,,,,
615dd5c065de486812597f04,HCI019_pdxo_P2_142_RNA_17679X4,17679X4_200127_D00550_0586_BCE0FPANXX_S30_L008_R1_001.fastq.gz,17679X4,1,3,2,HCI-019,2,1,4,1,,,,
615dd5c065de486812597f07,HCI023_pdxo_P1_68_RNA_17679X5,17679X5_200127_D00550_0586_BCE0FPANXX_S29_L008_R1_001.fastq.gz,17679X5,1,3,1,HCI-023,2,1,4,1,,,,
615dd5c065de486812597f0a,HCI023_pdxo_P1_336_RNA_17679X6,17679X6_200127_D00550_0586_BCE0FPANXX_S28_L008_R1_001.fastq.gz,17679X6,1,3,1,HCI-023,2,1,4,1,,,,
615dda7165de4868125986d8,HCI001_tumor_patient_redo2_WXS_17688X1,17688X1_200306_D00550_0590_ACE7H6ANXX_S217_L003_R1_001.fastq.gz,17688X1,1,1,NA,HCI-001,1,1,1,1,,,,
615dda7165de4868125986db,HCI001_tumor_patient_redo2_WXS_17688X1,17688X1_200306_D00550_0590_ACE7H6ANXX_S217_L003_R2_001.fastq.gz,17688X1,1,1,NA,HCI-001,1,2,1,1,,,,
615dda7165de4868125986de,HCI040_pdx_P1_XXX_WXS_18251X1,18251X1_200819_A00421_0232_BHTTM2DMXX_S9_L001_R1_001.fastq.gz,18251X1,1,2,1,HCI-040,1,1,3,2,,,,
615dda7165de4868125986e1,HCI040_pdx_P1_XXX_WXS_18251X1,18251X1_200819_A00421_0232_BHTTM2DMXX_S9_L001_R2_001.fastq.gz,18251X1,1,2,1,HCI-040,1,2,3,2,,,,
615dda7165de4868125986e4,HCI040EI_pdx_P1_XXX_WXS_18251X2,18251X2_200819_A00421_0232_BHTTM2DMXX_S8_L001_R1_001.fastq.gz,18251X2,1,2,1,HCI-040EI,1,1,3,2,,,,
615dda7165de4868125986e7,HCI040EI_pdx_P1_XXX_WXS_18251X2,18251X2_200819_A00421_0232_BHTTM2DMXX_S8_L001_R2_001.fastq.gz,18251X2,1,2,1,HCI-040EI,1,2,3,2,,,,
615dda7265de4868125986ea,HCI042_pdx_P0_XXX_WXS_18251X3,18251X3_200819_A00421_0232_BHTTM2DMXX_S7_L001_R1_001.fastq.gz,18251X3,1,2,0,HCI-042,1,1,3,2,,,,
615dda7265de4868125986ed,HCI042_pdx_P0_XXX_WXS_18251X3,18251X3_200819_A00421_0232_BHTTM2DMXX_S7_L001_R2_001.fastq.gz,18251X3,1,2,0,HCI-042,1,2,3,2,,,,
615dda7265de4868125986f0,HCI044_pdx_P1_XXX_WXS_18251X4,18251X4_200819_A00421_0232_BHTTM2DMXX_S6_L001_R1_001.fastq.gz,18251X4,1,2,1,HCI-044,1,1,3,2,,,,
615dda7265de4868125986f3,HCI044_pdx_P1_XXX_WXS_18251X4,18251X4_200819_A00421_0232_BHTTM2DMXX_S6_L001_R2_001.fastq.gz,18251X4,1,2,1,HCI-044,1,2,3,2,,,,
615dda7265de4868125986f6,HCI044EI_pdx_P2_XXX_WXS_18251X5,18251X5_200819_A00421_0232_BHTTM2DMXX_S5_L001_R1_001.fastq.gz,18251X5,1,2,2,HCI-044EI,1,1,3,2,,,,
615dda7265de4868125986f9,HCI044EI_pdx_P2_XXX_WXS_18251X5,18251X5_200819_A00421_0232_BHTTM2DMXX_S5_L001_R2_001.fastq.gz,18251X5,1,2,2,HCI-044EI,1,2,3,2,,,,
615dda7265de4868125986fc,HCI045_pdx_P0_XXX_WXS_18251X6,18251X6_200819_A00421_0232_BHTTM2DMXX_S4_L001_R1_001.fastq.gz,18251X6,1,2,0,HCI-045,1,1,3,2,,,,
615dda7265de4868125986ff,HCI045_pdx_P0_XXX_WXS_18251X6,18251X6_200819_A00421_0232_BHTTM2DMXX_S4_L001_R2_001.fastq.gz,18251X6,1,2,0,HCI-045,1,2,3,2,,,,
615dda7265de486812598702,HCI046_pdx_P2_XXX_WXS_18251X7,18251X7_200819_A00421_0232_BHTTM2DMXX_S3_L001_R1_001.fastq.gz,18251X7,1,2,2,HCI-046,1,1,3,2,,,,
615dda7365de486812598705,HCI046_pdx_P2_XXX_WXS_18251X7,18251X7_200819_A00421_0232_BHTTM2DMXX_S3_L001_R2_001.fastq.gz,18251X7,1,2,2,HCI-046,1,2,3,2,,,,
615dda7365de486812598708,HCI048_pdx_P1_XXX_WXS_18251X8,18251X8_200819_A00421_0232_BHTTM2DMXX_S2_L001_R1_001.fastq.gz,18251X8,1,2,1,HCI-048,1,1,3,2,,,,
615dda7365de48681259870b,HCI048_pdx_P1_XXX_WXS_18251X8,18251X8_200819_A00421_0232_BHTTM2DMXX_S2_L001_R2_001.fastq.gz,18251X8,1,2,1,HCI-048,1,2,3,2,,,,
615dda7365de48681259870e,HCI049_pdx_P1_XXX_WXS_18251X9,18251X9_200819_A00421_0232_BHTTM2DMXX_S1_L001_R1_001.fastq.gz,18251X9,1,2,1,HCI-049,1,1,3,2,,,,
615dda7365de486812598711,HCI049_pdx_P1_XXX_WXS_18251X9,18251X9_200819_A00421_0232_BHTTM2DMXX_S1_L001_R2_001.fastq.gz,18251X9,1,2,1,HCI-049,1,2,3,2,,,,
615dda7365de48681259871a,HCI032_pdx_P1_XXX_WXS_18252X2,18252X2_200819_A00421_0232_BHTTM2DMXX_S17_L002_R1_001.fastq.gz,18252X2,1,2,1,HCI-032,1,1,3,2,,,,
615dda7465de48681259871d,HCI032_pdx_P1_XXX_WXS_18252X2,18252X2_200819_A00421_0232_BHTTM2DMXX_S17_L002_R2_001.fastq.gz,18252X2,1,2,1,HCI-032,1,2,3,2,,,,
615dda7465de486812598720,HCI032EI_pdx_P1_XXX_WXS_18252X3,18252X3_200819_A00421_0232_BHTTM2DMXX_S16_L002_R1_001.fastq.gz,18252X3,1,2,1,HCI-032EI,1,1,3,2,,,,
615dda7465de486812598723,HCI032EI_pdx_P1_XXX_WXS_18252X3,18252X3_200819_A00421_0232_BHTTM2DMXX_S16_L002_R2_001.fastq.gz,18252X3,1,2,1,HCI-032EI,1,2,3,2,,,,
615dda7465de48681259872c,HCI034_pdx_P2_XXX_WXS_18252X5,18252X5_200819_A00421_0232_BHTTM2DMXX_S14_L002_R1_001.fastq.gz,18252X5,1,2,2,HCI-034,1,1,3,2,,,,
615dda7465de48681259872f,HCI034_pdx_P2_XXX_WXS_18252X5,18252X5_200819_A00421_0232_BHTTM2DMXX_S14_L002_R2_001.fastq.gz,18252X5,1,2,2,HCI-034,1,2,3,2,,,,
615dda7465de486812598732,HCI036_pdx_P1_XXX_WXS_18252X6,18252X6_200819_A00421_0232_BHTTM2DMXX_S13_L002_R1_001.fastq.gz,18252X6,1,2,1,HCI-036,1,1,3,2,,,,
615dda7565de486812598735,HCI036_pdx_P1_XXX_WXS_18252X6,18252X6_200819_A00421_0232_BHTTM2DMXX_S13_L002_R2_001.fastq.gz,18252X6,1,2,1,HCI-036,1,2,3,2,,,,
615dda7565de486812598738,HCI037_pdx_P1_XXX_WXS_18252X7,18252X7_200819_A00421_0232_BHTTM2DMXX_S12_L002_R1_001.fastq.gz,18252X7,1,2,1,HCI-037,1,1,3,2,,,,
615dda7565de48681259873b,HCI037_pdx_P1_XXX_WXS_18252X7,18252X7_200819_A00421_0232_BHTTM2DMXX_S12_L002_R2_001.fastq.gz,18252X7,1,2,1,HCI-037,1,2,3,2,,,,
615dda7565de48681259873e,HCI038_pdx_P2_XXX_WXS_18252X8,18252X8_200819_A00421_0232_BHTTM2DMXX_S11_L002_R1_001.fastq.gz,18252X8,1,2,2,HCI-038,1,1,3,2,,,,
615dda7565de486812598741,HCI038_pdx_P2_XXX_WXS_18252X8,18252X8_200819_A00421_0232_BHTTM2DMXX_S11_L002_R2_001.fastq.gz,18252X8,1,2,2,HCI-038,1,2,3,2,,,,
615dda7565de48681259874a,HCI003_pdxo_P5_99_WXS_18588X1,18588X1_1201216_A00421_0267_BHN2TJDSXY_S39_L003_R1_001.fastq.gz,18588X1,1,3,5,HCI-003,1,1,3,2,,,,
615dda7665de48681259874d,HCI003_pdxo_P5_99_WXS_18588X1,18588X1_1201216_A00421_0267_BHN2TJDSXY_S39_L003_R2_001.fastq.gz,18588X1,1,3,5,HCI-003,1,2,3,2,,,,
615dda7665de486812598756,HCI028LV_pdx_P5_XXX_WXS_18588X11,18588X11_1201216_A00421_0267_BHN2TJDSXY_S49_L003_R1_001.fastq.gz,18588X11,1,2,5,HCI-028LV,1,1,3,2,,,,
615dda7665de486812598759,HCI028LV_pdx_P5_XXX_WXS_18588X11,18588X11_1201216_A00421_0267_BHN2TJDSXY_S49_L003_R2_001.fastq.gz,18588X11,1,2,5,HCI-028LV,1,2,3,2,,,,
615dda7665de486812598762,HCI047_pdx_P2_XXX_WXS_18588X13,18588X13_1201216_A00421_0267_BHN2TJDSXY_S51_L003_R1_001.fastq.gz,18588X13,1,2,2,HCI-047,1,1,3,2,,,,
615dda7765de486812598765,HCI047_pdx_P2_XXX_WXS_18588X13,18588X13_1201216_A00421_0267_BHN2TJDSXY_S51_L003_R2_001.fastq.gz,18588X13,1,2,2,HCI-047,1,2,3,2,,,,
615dda7765de486812598768,HCI050_pdx_P1_XXX_WXS_18588X14,18588X14_1201216_A00421_0267_BHN2TJDSXY_S52_L003_R1_001.fastq.gz,18588X14,1,2,1,HCI-050,1,1,3,2,,,,
615dda7765de48681259876b,HCI050_pdx_P1_XXX_WXS_18588X14,18588X14_1201216_A00421_0267_BHN2TJDSXY_S52_L003_R2_001.fastq.gz,18588X14,1,2,1,HCI-050,1,2,3,2,,,,
615dda7765de48681259876e,HCI051_pdx_P1_XXX_WXS_18588X15,18588X15_1201216_A00421_0267_BHN2TJDSXY_S53_L003_R1_001.fastq.gz,18588X15,1,2,1,HCI-051,1,1,3,2,,,,
615dda7765de486812598771,HCI051_pdx_P1_XXX_WXS_18588X15,18588X15_1201216_A00421_0267_BHN2TJDSXY_S53_L003_R2_001.fastq.gz,18588X15,1,2,1,HCI-051,1,2,3,2,,,,
615dda7765de486812598774,HCI052_pdx_P1_XXX_WXS_18588X16,18588X16_1201216_A00421_0267_BHN2TJDSXY_S54_L003_R1_001.fastq.gz,18588X16,1,2,1,HCI-052,1,1,3,2,,,,
615dda7765de486812598777,HCI052_pdx_P1_XXX_WXS_18588X16,18588X16_1201216_A00421_0267_BHN2TJDSXY_S54_L003_R2_001.fastq.gz,18588X16,1,2,1,HCI-052,1,2,3,2,,,,
615dda7765de48681259877a,HCI053_pdx_P1_XXX_WXS_18588X17,18588X17_1201216_A00421_0267_BHN2TJDSXY_S55_L003_R1_001.fastq.gz,18588X17,1,2,1,HCI-053,1,1,3,2,,,,
615dda7865de48681259877d,HCI053_pdx_P1_XXX_WXS_18588X17,18588X17_1201216_A00421_0267_BHN2TJDSXY_S55_L003_R2_001.fastq.gz,18588X17,1,2,1,HCI-053,1,2,3,2,,,,
615dda7865de486812598780,HCI054_pdx_P1_XXX_WXS_18588X18,18588X18_1201216_A00421_0267_BHN2TJDSXY_S56_L003_R1_001.fastq.gz,18588X18,1,2,1,HCI-054,1,1,3,2,,,,
615dda7865de486812598783,HCI054_pdx_P1_XXX_WXS_18588X18,18588X18_1201216_A00421_0267_BHN2TJDSXY_S56_L003_R2_001.fastq.gz,18588X18,1,2,1,HCI-054,1,2,3,2,,,,
615ddba565de48681259878c,HCI003_pdxo_P5_212_WXS_18588X2,18588X2_1201216_A00421_0267_BHN2TJDSXY_S40_L003_R1_001.fastq.gz,18588X2,1,3,5,HCI-003,1,1,3,2,,,,
615ddba565de48681259878f,HCI003_pdxo_P5_212_WXS_18588X2,18588X2_1201216_A00421_0267_BHN2TJDSXY_S40_L003_R2_001.fastq.gz,18588X2,1,3,5,HCI-003,1,2,3,2,,,,
615ddba565de486812598798,HCI003_tumor_patient_XXX_WXS_18588X3,18588X3_1201216_A00421_0267_BHN2TJDSXY_S41_L003_R1_001.fastq.gz,18588X3,1,1,NA,HCI-003,1,1,3,2,,,,
615ddba665de48681259879b,HCI003_tumor_patient_XXX_WXS_18588X3,18588X3_1201216_A00421_0267_BHN2TJDSXY_S41_L003_R2_001.fastq.gz,18588X3,1,1,NA,HCI-003,1,2,3,2,,,,
615ddba665de4868125987a4,HCI011_pdxo_P5_201_WXS_18588X5,18588X5_1201216_A00421_0267_BHN2TJDSXY_S43_L003_R1_001.fastq.gz,18588X5,1,3,5,HCI-011,1,1,3,2,,,,
615ddba665de4868125987a7,HCI011_pdxo_P5_201_WXS_18588X5,18588X5_1201216_A00421_0267_BHN2TJDSXY_S43_L003_R2_001.fastq.gz,18588X5,1,3,5,HCI-011,1,2,3,2,,,,
615ddba665de4868125987aa,HCI011_tumor_patient_XXX_WXS_18588X6,18588X6_1201216_A00421_0267_BHN2TJDSXY_S44_L003_R1_001.fastq.gz,18588X6,1,1,NA,HCI-011,1,1,3,2,,,,
615ddba665de4868125987ad,HCI011_tumor_patient_XXX_WXS_18588X6,18588X6_1201216_A00421_0267_BHN2TJDSXY_S44_L003_R2_001.fastq.gz,18588X6,1,1,NA,HCI-011,1,2,3,2,,,,
615ddba665de4868125987b0,HCI017_pdxo_P3_55_WXS_18588X7,18588X7_1201216_A00421_0267_BHN2TJDSXY_S45_L003_R1_001.fastq.gz,18588X7,1,3,3,HCI-017,1,1,3,2,,,,
615ddba665de4868125987b3,HCI017_pdxo_P3_55_WXS_18588X7,18588X7_1201216_A00421_0267_BHN2TJDSXY_S45_L003_R2_001.fastq.gz,18588X7,1,3,3,HCI-017,1,2,3,2,,,,
615ddba665de4868125987b6,HCI017_pdxo_P3_218_WXS_18588X8,18588X8_1201216_A00421_0267_BHN2TJDSXY_S46_L003_R1_001.fastq.gz,18588X8,1,3,3,HCI-017,1,1,3,2,,,,
615ddba765de4868125987b9,HCI017_pdxo_P3_218_WXS_18588X8,18588X8_1201216_A00421_0267_BHN2TJDSXY_S46_L003_R2_001.fastq.gz,18588X8,1,3,3,HCI-017,1,2,3,2,,,,
615dd5da65de48681259818f,HCI001_tumor_patient_XXX_RNA_8506X1,8506X1_111115_SN141_0415_BD0EWPABXX_1.txt.gz,8506X1,1,1,NA,HCI-001,2,1,5,1,,,,
5d5ffdb4e4b09cae768078e5,HCI001_tumor_patient_XXX_RNA_8506X1,8506X1_HCI001_patienttumor_.txt.gz,8506X1,1,1,NA,HCI-001,2,1,5,1,,,,
5d5ffdb4e4b09cae768078f5,HCI010_tumor_patient_XXX_RNA_8506X10,8506X10_HCI010_patienttumor_.txt.gz,8506X10,1,1,NA,HCI-010,2,1,5,1,,,,
5d5ffdb4e4b09cae768078fc,HCI011_tumor_patient_XXX_RNA_8506X11,8506X11_HCI011_patienttumor_.txt.gz,8506X11,1,1,NA,HCI-011,2,1,5,1,,,,
5d5ffdb4e4b09cae768078ec,HCI002_tumor_patient_XXX_RNA_8506X2,8506X2_HCI002_patienttumor_.txt.gz,8506X2,1,1,NA,HCI-002,2,1,5,1,,,,
5d5ffdb4e4b09cae768078ea,HCI003_tumor_patient_XXX_RNA_8506X3,8506X3_HCI003_patienttumor_.txt.gz,8506X3,1,1,NA,HCI-003,2,1,5,1,,,,
5d5ffdb4e4b09cae768078f4,HCI005_tumor_patient_XXX_RNA_8506X5,8506X5_HCI005_patienttumor_.txt.gz,8506X5,1,1,NA,HCI-005,2,1,5,1,,,,
615dd5c165de486812597f10,HCI005_pdxo_P6_99_RNA_18587X1,8587X1_1201216_A00421_0267_BHN2TJDSXY_S1_L00_R1_001.fastq.gz,18587X1,1,3,6,HCI-005,2,1,4,2,,,,
615dd5c165de486812597f0d,HCI005_pdxo_P6_99_RNA_18587X1,8587X1_1201216_A00421_0267_BHN2TJDSXY_S1_L00_R2_001.fastq.gz,18587X1,1,3,6,HCI-005,2,2,4,2,,,,
615dd5c165de486812597f1c,HCI028LV_pdx_P5_XXX_RNA_18587X11,8587X11_1201216_A00421_0267_BHN2TJDSXY_S11_L00_R1_001.fastq.gz,18587X11,1,2,5,HCI-028BR,2,1,4,2,,,,
615dd5c165de486812597f19,HCI028LV_pdx_P5_XXX_RNA_18587X11,8587X11_1201216_A00421_0267_BHN2TJDSXY_S11_L00_R2_001.fastq.gz,18587X11,1,2,5,HCI-028BR,2,2,4,2,,,,
615dd5c265de486812597f2e,HCI032_pdx_P1_XXX_RNA_18587X14,8587X14_1201216_A00421_0267_BHN2TJDSXY_S14_L00_R1_001.fastq.gz,18587X14,1,2,1,HCI-032,2,1,4,2,,,,
615dd5c265de486812597f2b,HCI032_pdx_P1_XXX_RNA_18587X14,8587X14_1201216_A00421_0267_BHN2TJDSXY_S14_L00_R2_001.fastq.gz,18587X14,1,2,1,HCI-032,2,2,4,2,,,,
615dd5c265de486812597f34,HCI032EI_pdx_P1_XXX_RNA_18587X15,8587X15_1201216_A00421_0267_BHN2TJDSXY_S15_L00_R1_001.fastq.gz,18587X15,1,2,1,HCI-032EI,2,1,4,2,,,,
615dd5c265de486812597f31,HCI032EI_pdx_P1_XXX_RNA_18587X15,8587X15_1201216_A00421_0267_BHN2TJDSXY_S15_L00_R2_001.fastq.gz,18587X15,1,2,1,HCI-032EI,2,2,4,2,,,,
615dd5c265de486812597f3a,HCI033_pdx_P3_XXX_RNA_18587X16,8587X16_1201216_A00421_0267_BHN2TJDSXY_S16_L00_R1_001.fastq.gz,18587X16,1,2,3,HCI-033,2,1,4,2,,,,
615dd5c265de486812597f37,HCI033_pdx_P3_XXX_RNA_18587X16,8587X16_1201216_A00421_0267_BHN2TJDSXY_S16_L00_R2_001.fastq.gz,18587X16,1,2,3,HCI-033,2,2,4,2,,,,
615dd5c365de486812597f40,HCI034_pdx_P2_XXX_RNA_18587X17,8587X17_1201216_A00421_0267_BHN2TJDSXY_S17_L00_R1_001.fastq.gz,18587X17,1,2,2,HCI-034,2,1,4,2,,,,
615dd5c365de486812597f3d,HCI034_pdx_P2_XXX_RNA_18587X17,8587X17_1201216_A00421_0267_BHN2TJDSXY_S17_L00_R2_001.fastq.gz,18587X17,1,2,2,HCI-034,2,2,4,2,,,,
615dd5c365de486812597f46,HCI036_pdx_P1_XXX_RNA_18587X18,8587X18_1201216_A00421_0267_BHN2TJDSXY_S18_L00_R1_001.fastq.gz,18587X18,1,2,1,HCI-036,2,1,4,2,,,,
615dd5c365de486812597f43,HCI036_pdx_P1_XXX_RNA_18587X18,8587X18_1201216_A00421_0267_BHN2TJDSXY_S18_L00_R2_001.fastq.gz,18587X18,1,2,1,HCI-036,2,2,4,2,,,,
615dd5c365de486812597f4c,HCI037_pdx_P1_XXX_RNA_18587X19,8587X19_1201216_A00421_0267_BHN2TJDSXY_S19_L00_R1_001.fastq.gz,18587X19,1,2,1,HCI-037,2,1,4,2,,,,
615dd5c365de486812597f49,HCI037_pdx_P1_XXX_RNA_18587X19,8587X19_1201216_A00421_0267_BHN2TJDSXY_S19_L00_R2_001.fastq.gz,18587X19,1,2,1,HCI-037,2,2,4,2,,,,
615dd5c365de486812597f52,HCI005_pdxo_P6_212_RNA_18587X2,8587X2_1201216_A00421_0267_BHN2TJDSXY_S2_L00_R1_001.fastq.gz,18587X2,1,3,6,HCI-005,2,1,4,2,,,,
615dd5c365de486812597f4f,HCI005_pdxo_P6_212_RNA_18587X2,8587X2_1201216_A00421_0267_BHN2TJDSXY_S2_L00_R2_001.fastq.gz,18587X2,1,3,6,HCI-005,2,2,4,2,,,,
615dd5c465de486812597f58,HCI038_pdx_P2_XXX_RNA_18587X20,8587X20_1201216_A00421_0267_BHN2TJDSXY_S20_L00_R1_001.fastq.gz,18587X20,1,2,2,HCI-038,2,1,4,2,,,,
615dd5c465de486812597f55,HCI038_pdx_P2_XXX_RNA_18587X20,8587X20_1201216_A00421_0267_BHN2TJDSXY_S20_L00_R2_001.fastq.gz,18587X20,1,2,2,HCI-038,2,2,4,2,,,,
615dd5c465de486812597f5e,HCI039_pdx_P2_XXX_RNA_18587X21,8587X21_1201216_A00421_0267_BHN2TJDSXY_S21_L00_R1_001.fastq.gz,18587X21,1,2,2,HCI-039,2,1,4,2,,,,
615dd5c465de486812597f5b,HCI039_pdx_P2_XXX_RNA_18587X21,8587X21_1201216_A00421_0267_BHN2TJDSXY_S21_L00_R2_001.fastq.gz,18587X21,1,2,2,HCI-039,2,2,4,2,,,,
615dd5c465de486812597f64,HCI040_pdx_P1_XXX_RNA_18587X22,8587X22_1201216_A00421_0267_BHN2TJDSXY_S22_L00_R1_001.fastq.gz,18587X22,1,2,1,HCI-040,2,1,4,2,,,,
615dd5c465de486812597f61,HCI040_pdx_P1_XXX_RNA_18587X22,8587X22_1201216_A00421_0267_BHN2TJDSXY_S22_L00_R2_001.fastq.gz,18587X22,1,2,1,HCI-040,2,2,4,2,,,,
615dd5c465de486812597f6a,HCI040EI_pdx_P2_XXX_RNA_18587X23,8587X23_1201216_A00421_0267_BHN2TJDSXY_S23_L00_R1_001.fastq.gz,18587X23,1,2,2,HCI-040EI,2,1,4,2,,,,
615dd5c465de486812597f67,HCI040EI_pdx_P2_XXX_RNA_18587X23,8587X23_1201216_A00421_0267_BHN2TJDSXY_S23_L00_R2_001.fastq.gz,18587X23,1,2,2,HCI-040EI,2,2,4,2,,,,
615dd5c565de486812597f70,HCI042_pdx_P1_XXX_RNA_18587X24,8587X24_1201216_A00421_0267_BHN2TJDSXY_S24_L00_R1_001.fastq.gz,18587X24,1,2,1,HCI-042,2,1,4,2,,,,
615dd5c465de486812597f6d,HCI042_pdx_P1_XXX_RNA_18587X24,8587X24_1201216_A00421_0267_BHN2TJDSXY_S24_L00_R2_001.fastq.gz,18587X24,1,2,1,HCI-042,2,2,4,2,,,,
615dd5c565de486812597f76,HCI044_pdx_P1_XXX_RNA_18587X25,8587X25_1201216_A00421_0267_BHN2TJDSXY_S25_L00_R1_001.fastq.gz,18587X25,1,2,1,HCI-044,2,1,4,2,,,,
615dd5c565de486812597f73,HCI044_pdx_P1_XXX_RNA_18587X25,8587X25_1201216_A00421_0267_BHN2TJDSXY_S25_L00_R2_001.fastq.gz,18587X25,1,2,1,HCI-044,2,2,4,2,,,,
615dd5c565de486812597f7c,HCI044EI_pdx_P2_XXX_RNA_18587X26,8587X26_1201216_A00421_0267_BHN2TJDSXY_S26_L00_R1_001.fastq.gz,18587X26,1,2,2,HCI-044EI,2,1,4,2,,,,
615dd5c565de486812597f79,HCI044EI_pdx_P2_XXX_RNA_18587X26,8587X26_1201216_A00421_0267_BHN2TJDSXY_S26_L00_R2_001.fastq.gz,18587X26,1,2,2,HCI-044EI,2,2,4,2,,,,
615dd5c565de486812597f82,HCI045_pdx_P0_XXX_RNA_18587X27,8587X27_1201216_A00421_0267_BHN2TJDSXY_S27_L00_R1_001.fastq.gz,18587X27,1,2,0,HCI-045,2,1,4,2,,,,
615dd5c565de486812597f7f,HCI045_pdx_P0_XXX_RNA_18587X27,8587X27_1201216_A00421_0267_BHN2TJDSXY_S27_L00_R2_001.fastq.gz,18587X27,1,2,0,HCI-045,2,2,4,2,,,,
615dd5c565de486812597f88,HCI046_pdx_P1_XXX_RNA_18587X28,8587X28_1201216_A00421_0267_BHN2TJDSXY_S28_L00_R1_001.fastq.gz,18587X28,1,2,1,HCI-046,2,1,4,2,,,,
615dd5c565de486812597f85,HCI046_pdx_P1_XXX_RNA_18587X28,8587X28_1201216_A00421_0267_BHN2TJDSXY_S28_L00_R2_001.fastq.gz,18587X28,1,2,1,HCI-046,2,2,4,2,,,,
615dd5c665de486812597f8e,HCI047_pdx_P2_XXX_RNA_18587X29,8587X29_1201216_A00421_0267_BHN2TJDSXY_S29_L00_R1_001.fastq.gz,18587X29,1,2,2,HCI-047,2,1,4,2,,,,
615dd5c565de486812597f8b,HCI047_pdx_P2_XXX_RNA_18587X29,8587X29_1201216_A00421_0267_BHN2TJDSXY_S29_L00_R2_001.fastq.gz,18587X29,1,2,2,HCI-047,2,2,4,2,,,,
615dd5c665de486812597f94,HCI003_pdxo_P5_53_RNA_18587X3,8587X3_1201216_A00421_0267_BHN2TJDSXY_S3_L00_R1_001.fastq.gz,18587X3,1,3,5,HCI-003,2,1,4,2,,,,
615dd5c665de486812597f91,HCI003_pdxo_P5_53_RNA_18587X3,8587X3_1201216_A00421_0267_BHN2TJDSXY_S3_L00_R2_001.fastq.gz,18587X3,1,3,5,HCI-003,2,2,4,2,,,,
615dd5c665de486812597f9a,HCI048_pdx_P1_XXX_RNA_18587X30,8587X30_1201216_A00421_0267_BHN2TJDSXY_S30_L00_R1_001.fastq.gz,18587X30,1,2,1,HCI-048,2,1,4,2,,,,
615dd5c665de486812597f97,HCI048_pdx_P1_XXX_RNA_18587X30,8587X30_1201216_A00421_0267_BHN2TJDSXY_S30_L00_R2_001.fastq.gz,18587X30,1,2,1,HCI-048,2,2,4,2,,,,
615dd5c665de486812597fa0,HCI049_pdx_P1_XXX_RNA_18587X31,8587X31_1201216_A00421_0267_BHN2TJDSXY_S31_L00_R1_001.fastq.gz,18587X31,1,2,1,HCI-049,2,1,4,2,,,,
615dd5c665de486812597f9d,HCI049_pdx_P1_XXX_RNA_18587X31,8587X31_1201216_A00421_0267_BHN2TJDSXY_S31_L00_R2_001.fastq.gz,18587X31,1,2,1,HCI-049,2,2,4,2,,,,
615dd5c765de486812597fa6,HCI050_pdx_P1_XXX_RNA_18587X32,8587X32_1201216_A00421_0267_BHN2TJDSXY_S32_L00_R1_001.fastq.gz,18587X32,1,2,1,HCI-050,2,1,4,2,,,,
615dd5c665de486812597fa3,HCI050_pdx_P1_XXX_RNA_18587X32,8587X32_1201216_A00421_0267_BHN2TJDSXY_S32_L00_R2_001.fastq.gz,18587X32,1,2,1,HCI-050,2,2,4,2,,,,
615dd5c765de486812597fac,HCI051_pdx_P1_XXX_RNA_18587X33,8587X33_1201216_A00421_0267_BHN2TJDSXY_S33_L00_R1_001.fastq.gz,18587X33,1,2,1,HCI-051,2,1,4,2,,,,
615dd5c765de486812597fa9,HCI051_pdx_P1_XXX_RNA_18587X33,8587X33_1201216_A00421_0267_BHN2TJDSXY_S33_L00_R2_001.fastq.gz,18587X33,1,2,1,HCI-051,2,2,4,2,,,,
615dd5c765de486812597fb2,HCI052_pdx_P1_XXX_RNA_18587X34,8587X34_1201216_A00421_0267_BHN2TJDSXY_S34_L00_R1_001.fastq.gz,18587X34,1,2,1,HCI-052,2,1,4,2,,,,
615dd5c765de486812597faf,HCI052_pdx_P1_XXX_RNA_18587X34,8587X34_1201216_A00421_0267_BHN2TJDSXY_S34_L00_R2_001.fastq.gz,18587X34,1,2,1,HCI-052,2,2,4,2,,,,
615dd5c765de486812597fb8,HCI053_pdx_P1_XXX_RNA_18587X35,8587X35_1201216_A00421_0267_BHN2TJDSXY_S35_L00_R1_001.fastq.gz,18587X35,1,2,1,HCI-053,2,1,4,2,,,,
615dd5c765de486812597fb5,HCI053_pdx_P1_XXX_RNA_18587X35,8587X35_1201216_A00421_0267_BHN2TJDSXY_S35_L00_R2_001.fastq.gz,18587X35,1,2,1,HCI-053,2,2,4,2,,,,
615dd5c865de486812597fbe,HCI054_pdx_P1_XXX_RNA_18587X36,8587X36_1201216_A00421_0267_BHN2TJDSXY_S36_L00_R1_001.fastq.gz,18587X36,1,2,1,HCI-054,2,1,4,2,,,,
615dd5c865de486812597fbb,HCI054_pdx_P1_XXX_RNA_18587X36,8587X36_1201216_A00421_0267_BHN2TJDSXY_S36_L00_R2_001.fastq.gz,18587X36,1,2,1,HCI-054,2,2,4,2,,,,
615dd5c865de486812597fd0,HCI003_pdxo_P5_251_RNA_18587X4,8587X4_1201216_A00421_0267_BHN2TJDSXY_S4_L00_R1_001.fastq.gz,18587X4,1,3,5,HCI-003,2,1,4,2,,,,
615dd5c865de486812597fcd,HCI003_pdxo_P5_251_RNA_18587X4,8587X4_1201216_A00421_0267_BHN2TJDSXY_S4_L00_R2_001.fastq.gz,18587X4,1,3,5,HCI-003,2,2,4,2,,,,
615dd5c965de486812597fdc,HCI011_pdxo_P5_285_RNA_18587X6,8587X6_1201216_A00421_0267_BHN2TJDSXY_S6_L00_R1_001.fastq.gz,18587X6,1,3,5,HCI-011,2,1,4,2,,,,
615dd5c965de486812597fd9,HCI011_pdxo_P5_285_RNA_18587X6,8587X6_1201216_A00421_0267_BHN2TJDSXY_S6_L00_R2_001.fastq.gz,18587X6,1,3,5,HCI-011,2,2,4,2,,,,
615dd5c965de486812597fe2,HCI017_pdxo_P3_61_RNA_18587X7,8587X7_1201216_A00421_0267_BHN2TJDSXY_S7_L00_R1_001.fastq.gz,18587X7,1,3,3,HCI-017,2,1,4,2,,,,
615dd5c965de486812597fdf,HCI017_pdxo_P3_61_RNA_18587X7,8587X7_1201216_A00421_0267_BHN2TJDSXY_S7_L00_R2_001.fastq.gz,18587X7,1,3,3,HCI-017,2,2,4,2,,,,
615dd5c965de486812597fe8,HCI017_pdxo_P3_190_RNA_18587X8,8587X8_1201216_A00421_0267_BHN2TJDSXY_S8_L00_R1_001.fastq.gz,18587X8,1,3,3,HCI-017,2,1,4,2,,,,
615dd5c965de486812597fe5,HCI017_pdxo_P3_190_RNA_18587X8,8587X8_1201216_A00421_0267_BHN2TJDSXY_S8_L00_R2_001.fastq.gz,18587X8,1,3,3,HCI-017,2,2,4,2,,,,